{
  "Add Output Diagnostics": {
    "outputDiagnostic": "DisplayExtraWarnings",
    "applicable": true
  },
  "OpenStudio Results": {
    "units": "IP",
    "building_summary_section": true,
    "annual_overview_section": true,
    "monthly_overview_section": true,
    "utility_bills_rates_section": true,
    "envelope_section_section": true,
    "space_type_breakdown_section": true,
    "space_type_details_section": true,
    "interior_lighting_section": true,
    "plug_loads_section": true,
    "exterior_light_section": true,
    "water_use_section": true,
    "hvac_load_profile": true,
    "zone_condition_section": true,
    "zone_summary_section": true,
    "zone_equipment_detail_section": true,
    "air_loops_detail_section": true,
    "plant_loops_detail_section": true,
    "outdoor_air_section": true,
    "cost_summary_section": true,
    "source_energy_section": true,
    "schedules_overview_section": true,
    "measure_warning_section": true,
    "reg_monthly_details": false,
    "standards_gem_version": "0.2.15",
    "workflow_gem_version": "2.3.1",
    "building_name": "n/a",
    "total_site_energy": 23768210.88450179,
    "net_site_energy": 23768210.88450179,
    "total_building_area": 241499.95522213267,
    "total_site_eui": 98.41911093788688,
    "eui": 98.41911093788688,
    "unmet_hours_during_heating": 1158.5,
    "unmet_hours_during_cooling": 150.83,
    "unmet_hours_during_occupied_heating": 1158.5,
    "unmet_hours_during_occupied_cooling": 109.67,
    "unmet_hours_tolerance_heating": 0.36,
    "unmet_hours_tolerance_cooling": 0.36,
    "end_use_heating": 1515180.4485328689,
    "end_use_cooling": 1340402.9715470932,
    "end_use_interior_lighting": 3404464.3144534044,
    "end_use_exterior_lighting": 201079.40207447024,
    "end_use_interior_equipment": 9047947.534051754,
    "end_use_exterior_equipment": 2514321.865911152,
    "end_use_fans": 1940655.553841517,
    "end_use_pumps": 621246.7315093637,
    "end_use_heat_rejection": 120126.34182850983,
    "end_use_humidification": 960536.826067922,
    "end_use_heat_recovery": 0.0,
    "end_use_water_systems": 1954683.2472221544,
    "end_use_refrigeration": 147575.1256327835,
    "end_use_generators": 0.0,
    "fuel_electricity": 17902843.677038092,
    "fuel_natural_gas": 5865367.207463698,
    "fuel_gasoline": 0.0,
    "fuel_diesel": 0.0,
    "fuel_coal": 0.0,
    "fuel_fuel_oil_no_1": 0.0,
    "fuel_fuel_oil_no_2": 0.0,
    "fuel_propane": 0.0,
    "fuel_other_fuel_1": 0.0,
    "fuel_other_fuel_2": 0.0,
    "fuel_district_cooling": 0.0,
    "fuel_district_heating": 0.0,
    "end_use_electricity_heating": 277.77777777777777,
    "end_use_electricity_cooling": 392833.3333333333,
    "end_use_electricity_interior_lighting": 997750.0,
    "end_use_electricity_exterior_lighting": 58930.555555555555,
    "end_use_electricity_interior_equipment": 1941611.1111111112,
    "end_use_electricity_exterior_equipment": 736875.0,
    "end_use_electricity_fans": 568750.0,
    "end_use_electricity_pumps": 182069.44444444444,
    "end_use_electricity_heat_rejection": 35205.555555555555,
    "end_use_electricity_humidification": 281505.55555555556,
    "end_use_electricity_heat_recovery": 0.0,
    "end_use_electricity_water_systems": 7750.0,
    "end_use_electricity_refrigeration": 43250.0,
    "end_use_electricity_generators": 0.0,
    "end_use_natural_gas_heating": 15142.326314125556,
    "end_use_natural_gas_cooling": 0.0,
    "end_use_natural_gas_interior_lighting": 0.0,
    "end_use_natural_gas_exterior_lighting": 0.0,
    "end_use_natural_gas_interior_equipment": 24228.954264857297,
    "end_use_natural_gas_exterior_equipment": 0.0,
    "end_use_natural_gas_fans": 0.0,
    "end_use_natural_gas_pumps": 0.0,
    "end_use_natural_gas_heat_rejection": 0.0,
    "end_use_natural_gas_humidification": 0.0,
    "end_use_natural_gas_heat_recovery": 0.0,
    "end_use_natural_gas_water_systems": 19282.391495654127,
    "end_use_natural_gas_refrigeration": 0.0,
    "end_use_natural_gas_generators": 0.0,
    "electricity_heating_ip": 277.43996010555554,
    "electricity_cooling_ip": 392832.5277777778,
    "electricity_interior_lighting_ip": 997748.6111111112,
    "electricity_exterior_lighting_ip": 58931.19444444445,
    "electricity_interior_equipment_ip": 1941611.6666666667,
    "electricity_exterior_equipment_ip": 736874.1666666666,
    "electricity_fans_ip": 568748.8888888889,
    "electricity_pumps_ip": 182069.66666666666,
    "electricity_heat_rejection_ip": 35206.75166666666,
    "electricity_humidification_ip": 281504.44444444444,
    "electricity_heat_recovery_ip": 0.0,
    "electricity_water_systems_ip": 7750.519444444444,
    "electricity_refrigeration_ip": 43248.88888888889,
    "electricity_generators_ip": 0.0,
    "electricity_ip": 5246804.7666267725,
    "natural_gas_heating_ip": 1514.2314940320111,
    "natural_gas_cooling_ip": 0.0,
    "natural_gas_interior_lighting_ip": 0.0,
    "natural_gas_exterior_lighting_ip": 0.0,
    "natural_gas_interior_equipment_ip": 2422.893530851489,
    "natural_gas_exterior_equipment_ip": 0.0,
    "natural_gas_fans_ip": 0.0,
    "natural_gas_pumps_ip": 0.0,
    "natural_gas_heat_rejection_ip": 0.0,
    "natural_gas_humidification_ip": 0.0,
    "natural_gas_heat_recovery_ip": 0.0,
    "natural_gas_water_systems_ip": 1928.2419930167734,
    "natural_gas_refrigeration_ip": 0.0,
    "natural_gas_generators_ip": 0.0,
    "natural_gas_ip": 5865.367017900274,
    "gasoline_heating_ip": 0.0,
    "gasoline_cooling_ip": 0.0,
    "gasoline_interior_lighting_ip": 0.0,
    "gasoline_exterior_lighting_ip": 0.0,
    "gasoline_interior_equipment_ip": 0.0,
    "gasoline_exterior_equipment_ip": 0.0,
    "gasoline_fans_ip": 0.0,
    "gasoline_pumps_ip": 0.0,
    "gasoline_heat_rejection_ip": 0.0,
    "gasoline_humidification_ip": 0.0,
    "gasoline_heat_recovery_ip": 0.0,
    "gasoline_water_systems_ip": 0.0,
    "gasoline_refrigeration_ip": 0.0,
    "gasoline_generators_ip": 0.0,
    "gasoline_ip": 0.0,
    "diesel_heating_ip": 0.0,
    "diesel_cooling_ip": 0.0,
    "diesel_interior_lighting_ip": 0.0,
    "diesel_exterior_lighting_ip": 0.0,
    "diesel_interior_equipment_ip": 0.0,
    "diesel_exterior_equipment_ip": 0.0,
    "diesel_fans_ip": 0.0,
    "diesel_pumps_ip": 0.0,
    "diesel_heat_rejection_ip": 0.0,
    "diesel_humidification_ip": 0.0,
    "diesel_heat_recovery_ip": 0.0,
    "diesel_water_systems_ip": 0.0,
    "diesel_refrigeration_ip": 0.0,
    "diesel_generators_ip": 0.0,
    "diesel_ip": 0.0,
    "coal_heating_ip": 0.0,
    "coal_cooling_ip": 0.0,
    "coal_interior_lighting_ip": 0.0,
    "coal_exterior_lighting_ip": 0.0,
    "coal_interior_equipment_ip": 0.0,
    "coal_exterior_equipment_ip": 0.0,
    "coal_fans_ip": 0.0,
    "coal_pumps_ip": 0.0,
    "coal_heat_rejection_ip": 0.0,
    "coal_humidification_ip": 0.0,
    "coal_heat_recovery_ip": 0.0,
    "coal_water_systems_ip": 0.0,
    "coal_refrigeration_ip": 0.0,
    "coal_generators_ip": 0.0,
    "coal_ip": 0.0,
    "fuel_oil_no_1_heating_ip": 0.0,
    "fuel_oil_no_1_cooling_ip": 0.0,
    "fuel_oil_no_1_interior_lighting_ip": 0.0,
    "fuel_oil_no_1_exterior_lighting_ip": 0.0,
    "fuel_oil_no_1_interior_equipment_ip": 0.0,
    "fuel_oil_no_1_exterior_equipment_ip": 0.0,
    "fuel_oil_no_1_fans_ip": 0.0,
    "fuel_oil_no_1_pumps_ip": 0.0,
    "fuel_oil_no_1_heat_rejection_ip": 0.0,
    "fuel_oil_no_1_humidification_ip": 0.0,
    "fuel_oil_no_1_heat_recovery_ip": 0.0,
    "fuel_oil_no_1_water_systems_ip": 0.0,
    "fuel_oil_no_1_refrigeration_ip": 0.0,
    "fuel_oil_no_1_generators_ip": 0.0,
    "fuel_oil_no_1_ip": 0.0,
    "fuel_oil_no_2_heating_ip": 0.0,
    "fuel_oil_no_2_cooling_ip": 0.0,
    "fuel_oil_no_2_interior_lighting_ip": 0.0,
    "fuel_oil_no_2_exterior_lighting_ip": 0.0,
    "fuel_oil_no_2_interior_equipment_ip": 0.0,
    "fuel_oil_no_2_exterior_equipment_ip": 0.0,
    "fuel_oil_no_2_fans_ip": 0.0,
    "fuel_oil_no_2_pumps_ip": 0.0,
    "fuel_oil_no_2_heat_rejection_ip": 0.0,
    "fuel_oil_no_2_humidification_ip": 0.0,
    "fuel_oil_no_2_heat_recovery_ip": 0.0,
    "fuel_oil_no_2_water_systems_ip": 0.0,
    "fuel_oil_no_2_refrigeration_ip": 0.0,
    "fuel_oil_no_2_generators_ip": 0.0,
    "fuel_oil_no_2_ip": 0.0,
    "propane_heating_ip": 0.0,
    "propane_cooling_ip": 0.0,
    "propane_interior_lighting_ip": 0.0,
    "propane_exterior_lighting_ip": 0.0,
    "propane_interior_equipment_ip": 0.0,
    "propane_exterior_equipment_ip": 0.0,
    "propane_fans_ip": 0.0,
    "propane_pumps_ip": 0.0,
    "propane_heat_rejection_ip": 0.0,
    "propane_humidification_ip": 0.0,
    "propane_heat_recovery_ip": 0.0,
    "propane_water_systems_ip": 0.0,
    "propane_refrigeration_ip": 0.0,
    "propane_generators_ip": 0.0,
    "propane_ip": 0.0,
    "other_fuel_1_heating_ip": 0.0,
    "other_fuel_1_cooling_ip": 0.0,
    "other_fuel_1_interior_lighting_ip": 0.0,
    "other_fuel_1_exterior_lighting_ip": 0.0,
    "other_fuel_1_interior_equipment_ip": 0.0,
    "other_fuel_1_exterior_equipment_ip": 0.0,
    "other_fuel_1_fans_ip": 0.0,
    "other_fuel_1_pumps_ip": 0.0,
    "other_fuel_1_heat_rejection_ip": 0.0,
    "other_fuel_1_humidification_ip": 0.0,
    "other_fuel_1_heat_recovery_ip": 0.0,
    "other_fuel_1_water_systems_ip": 0.0,
    "other_fuel_1_refrigeration_ip": 0.0,
    "other_fuel_1_generators_ip": 0.0,
    "other_fuel_1_ip": 0.0,
    "other_fuel_2_heating_ip": 0.0,
    "other_fuel_2_cooling_ip": 0.0,
    "other_fuel_2_interior_lighting_ip": 0.0,
    "other_fuel_2_exterior_lighting_ip": 0.0,
    "other_fuel_2_interior_equipment_ip": 0.0,
    "other_fuel_2_exterior_equipment_ip": 0.0,
    "other_fuel_2_fans_ip": 0.0,
    "other_fuel_2_pumps_ip": 0.0,
    "other_fuel_2_heat_rejection_ip": 0.0,
    "other_fuel_2_humidification_ip": 0.0,
    "other_fuel_2_heat_recovery_ip": 0.0,
    "other_fuel_2_water_systems_ip": 0.0,
    "other_fuel_2_refrigeration_ip": 0.0,
    "other_fuel_2_generators_ip": 0.0,
    "other_fuel_2_ip": 0.0,
    "district_cooling_heating_ip": 0.0,
    "district_cooling_cooling_ip": 0.0,
    "district_cooling_interior_lighting_ip": 0.0,
    "district_cooling_exterior_lighting_ip": 0.0,
    "district_cooling_interior_equipment_ip": 0.0,
    "district_cooling_exterior_equipment_ip": 0.0,
    "district_cooling_fans_ip": 0.0,
    "district_cooling_pumps_ip": 0.0,
    "district_cooling_heat_rejection_ip": 0.0,
    "district_cooling_humidification_ip": 0.0,
    "district_cooling_heat_recovery_ip": 0.0,
    "district_cooling_water_systems_ip": 0.0,
    "district_cooling_refrigeration_ip": 0.0,
    "district_cooling_generators_ip": 0.0,
    "district_cooling_ip": 0.0,
    "district_heating_heating_ip": 0.0,
    "district_heating_cooling_ip": 0.0,
    "district_heating_interior_lighting_ip": 0.0,
    "district_heating_exterior_lighting_ip": 0.0,
    "district_heating_interior_equipment_ip": 0.0,
    "district_heating_exterior_equipment_ip": 0.0,
    "district_heating_fans_ip": 0.0,
    "district_heating_pumps_ip": 0.0,
    "district_heating_heat_rejection_ip": 0.0,
    "district_heating_humidification_ip": 0.0,
    "district_heating_heat_recovery_ip": 0.0,
    "district_heating_water_systems_ip": 0.0,
    "district_heating_refrigeration_ip": 0.0,
    "district_heating_generators_ip": 0.0,
    "district_heating_ip": 0.0,
    "typical_iead_roof_highly_reflective_r_20_83": 46856.69291338583,
    "typical_insulated_exterior_mass_wall_r_8_13": 54104.736499473016,
    "typical_insulated_exterior_mass_wall_r_9_62": 15517.06217579101,
    "typical_insulated_metal_door_r_1_43": 524.9999999999999,
    "typical_overhead_door_r_0_86": 79.99999999997375,
    "u_0_62_shgc_0_25_dbl_ref_c_h_clr_6_mm_6_mm_air": 9131.94713542205,
    "gross_window_wall_ratio": 10.64,
    "gross_window_wall_ratio_conditioned": 10.64,
    "skylight_roof_ratio": 0.0,
    "space_type_hospital_basement": 40250.0,
    "space_type_hospital_corridor": 42050.000000000015,
    "space_type_hospital_dining": 7499.999999999997,
    "space_type_hospital_er_exam": 2400.0,
    "space_type_hospital_er_nurse_stn": 13299.999999999998,
    "space_type_hospital_er_trauma": 600.0000000000006,
    "space_type_hospital_er_triage": 1200.0,
    "space_type_hospital_icu_nurse_stn": 7198.556430446194,
    "space_type_hospital_icu_open": 6651.714238845146,
    "space_type_hospital_icu_pat_rm": 2775.0000000000023,
    "space_type_hospital_kitchen": 10000.0,
    "space_type_hospital_lab": 5700.000000000001,
    "space_type_hospital_lobby": 15874.72933070866,
    "space_type_hospital_nurse_stn": 41600.0,
    "space_type_hospital_office": 6899.212598425199,
    "space_type_hospital_or": 6599.999999999997,
    "space_type_hospital_pat_room": 20400.787401574802,
    "space_type_hospital_phys_therapy": 5249.999999999999,
    "space_type_hospital_radiology": 5249.999999999998,
    "booster_water_fixture_0_58_gpm_at_180_f": 0.5800000000000006,
    "laundry_service_water_use_2_8_gpm_at_180_f": 2.799999999999999,
    "main_service_water_use_7_63_gpm_at_140_f": 7.629999999999999,
    "zone_max_hours_over_70_rh": 0,
    "zone_max_hours_over_55_rh": 1816.0,
    "num_zones_x_hours_over_70": 0,
    "num_zones_x_hours_over_55": 36,
    "inflation_approach": "Constant Dollar",
    "analysis_length": 25,
    "number_of_measures_with_warnings": 0,
    "number_warnings": 0,
    "annual_peak_electric_demand": 1162.7043899999999,
    "first_year_capital_cost": 0.0,
    "annual_utility_cost": 0.0,
    "total_lifecycle_cost": 0.0,
    "applicable": true
  }
}