Time,CORE_ZN ZN PSZ-AC-1:DesPer 1:Des Heat Mass Flow [kg/s],CORE_ZN ZN PSZ-AC-1:DesPer 1:Des Heat Cap [W],CORE_ZN ZN PSZ-AC-1:DesPer 1:Des Cool Mass Flow [kg/s],CORE_ZN ZN PSZ-AC-1:DesPer 1:Des Sens Cool Cap [W],CORE_ZN ZN PSZ-AC-1:DesPer 1:Des Tot Cool Cap [W],CORE_ZN ZN PSZ-AC-1:DesPer 2:Des Heat Mass Flow [kg/s],CORE_ZN ZN PSZ-AC-1:DesPer 2:Des Heat Cap [W],CORE_ZN ZN PSZ-AC-1:DesPer 2:Des Cool Mass Flow [kg/s],CORE_ZN ZN PSZ-AC-1:DesPer 2:Des Sens Cool Cap [W],CORE_ZN ZN PSZ-AC-1:DesPer 2:Des Tot Cool Cap [W],CORE_ZN ZN PSZ-AC-1:DesPer 3:Des Heat Mass Flow [kg/s],CORE_ZN ZN PSZ-AC-1:DesPer 3:Des Heat Cap [W],CORE_ZN ZN PSZ-AC-1:DesPer 3:Des Cool Mass Flow [kg/s],CORE_ZN ZN PSZ-AC-1:DesPer 3:Des Sens Cool Cap [W],CORE_ZN ZN PSZ-AC-1:DesPer 3:Des Tot Cool Cap [W],CORE_ZN ZN PSZ-AC-1:DesPer 4:Des Heat Mass Flow [kg/s],CORE_ZN ZN PSZ-AC-1:DesPer 4:Des Heat Cap [W],CORE_ZN ZN PSZ-AC-1:DesPer 4:Des Cool Mass Flow [kg/s],CORE_ZN ZN PSZ-AC-1:DesPer 4:Des Sens Cool Cap [W],CORE_ZN ZN PSZ-AC-1:DesPer 4:Des Tot Cool Cap [W],CORE_ZN ZN PSZ-AC-1:DesPer 5:Des Heat Mass Flow [kg/s],CORE_ZN ZN PSZ-AC-1:DesPer 5:Des Heat Cap [W],CORE_ZN ZN PSZ-AC-1:DesPer 5:Des Cool Mass Flow [kg/s],CORE_ZN ZN PSZ-AC-1:DesPer 5:Des Sens Cool Cap [W],CORE_ZN ZN PSZ-AC-1:DesPer 5:Des Tot Cool Cap [W],CORE_ZN ZN PSZ-AC-1:DesPer 6:Des Heat Mass Flow [kg/s],CORE_ZN ZN PSZ-AC-1:DesPer 6:Des Heat Cap [W],CORE_ZN ZN PSZ-AC-1:DesPer 6:Des Cool Mass Flow [kg/s],CORE_ZN ZN PSZ-AC-1:DesPer 6:Des Sens Cool Cap [W],CORE_ZN ZN PSZ-AC-1:DesPer 6:Des Tot Cool Cap [W],CORE_ZN ZN PSZ-AC-1:DesPer 7:Des Heat Mass Flow [kg/s],CORE_ZN ZN PSZ-AC-1:DesPer 7:Des Heat Cap [W],CORE_ZN ZN PSZ-AC-1:DesPer 7:Des Cool Mass Flow [kg/s],CORE_ZN ZN PSZ-AC-1:DesPer 7:Des Sens Cool Cap [W],CORE_ZN ZN PSZ-AC-1:DesPer 7:Des Tot Cool Cap [W],CORE_ZN ZN PSZ-AC-1:DesPer 8:Des Heat Mass Flow [kg/s],CORE_ZN ZN PSZ-AC-1:DesPer 8:Des Heat Cap [W],CORE_ZN ZN PSZ-AC-1:DesPer 8:Des Cool Mass Flow [kg/s],CORE_ZN ZN PSZ-AC-1:DesPer 8:Des Sens Cool Cap [W],CORE_ZN ZN PSZ-AC-1:DesPer 8:Des Tot Cool Cap [W],CORE_ZN ZN PSZ-AC-1:DesPer 9:Des Heat Mass Flow [kg/s],CORE_ZN ZN PSZ-AC-1:DesPer 9:Des Heat Cap [W],CORE_ZN ZN PSZ-AC-1:DesPer 9:Des Cool Mass Flow [kg/s],CORE_ZN ZN PSZ-AC-1:DesPer 9:Des Sens Cool Cap [W],CORE_ZN ZN PSZ-AC-1:DesPer 9:Des Tot Cool Cap [W],PERIMETER_ZN_1 ZN PSZ-AC-2:DesPer 1:Des Heat Mass Flow [kg/s],PERIMETER_ZN_1 ZN PSZ-AC-2:DesPer 1:Des Heat Cap [W],PERIMETER_ZN_1 ZN PSZ-AC-2:DesPer 1:Des Cool Mass Flow [kg/s],PERIMETER_ZN_1 ZN PSZ-AC-2:DesPer 1:Des Sens Cool Cap [W],PERIMETER_ZN_1 ZN PSZ-AC-2:DesPer 1:Des Tot Cool Cap [W],PERIMETER_ZN_1 ZN PSZ-AC-2:DesPer 2:Des Heat Mass Flow [kg/s],PERIMETER_ZN_1 ZN PSZ-AC-2:DesPer 2:Des Heat Cap [W],PERIMETER_ZN_1 ZN PSZ-AC-2:DesPer 2:Des Cool Mass Flow [kg/s],PERIMETER_ZN_1 ZN PSZ-AC-2:DesPer 2:Des Sens Cool Cap [W],PERIMETER_ZN_1 ZN PSZ-AC-2:DesPer 2:Des Tot Cool Cap [W],PERIMETER_ZN_1 ZN PSZ-AC-2:DesPer 3:Des Heat Mass Flow [kg/s],PERIMETER_ZN_1 ZN PSZ-AC-2:DesPer 3:Des Heat Cap [W],PERIMETER_ZN_1 ZN PSZ-AC-2:DesPer 3:Des Cool Mass Flow [kg/s],PERIMETER_ZN_1 ZN PSZ-AC-2:DesPer 3:Des Sens Cool Cap [W],PERIMETER_ZN_1 ZN PSZ-AC-2:DesPer 3:Des Tot Cool Cap [W],PERIMETER_ZN_1 ZN PSZ-AC-2:DesPer 4:Des Heat Mass Flow [kg/s],PERIMETER_ZN_1 ZN PSZ-AC-2:DesPer 4:Des Heat Cap [W],PERIMETER_ZN_1 ZN PSZ-AC-2:DesPer 4:Des Cool Mass Flow [kg/s],PERIMETER_ZN_1 ZN PSZ-AC-2:DesPer 4:Des Sens Cool Cap [W],PERIMETER_ZN_1 ZN PSZ-AC-2:DesPer 4:Des Tot Cool Cap [W],PERIMETER_ZN_1 ZN PSZ-AC-2:DesPer 5:Des Heat Mass Flow [kg/s],PERIMETER_ZN_1 ZN PSZ-AC-2:DesPer 5:Des Heat Cap [W],PERIMETER_ZN_1 ZN PSZ-AC-2:DesPer 5:Des Cool Mass Flow [kg/s],PERIMETER_ZN_1 ZN PSZ-AC-2:DesPer 5:Des Sens Cool Cap [W],PERIMETER_ZN_1 ZN PSZ-AC-2:DesPer 5:Des Tot Cool Cap [W],PERIMETER_ZN_1 ZN PSZ-AC-2:DesPer 6:Des Heat Mass Flow [kg/s],PERIMETER_ZN_1 ZN PSZ-AC-2:DesPer 6:Des Heat Cap [W],PERIMETER_ZN_1 ZN PSZ-AC-2:DesPer 6:Des Cool Mass Flow [kg/s],PERIMETER_ZN_1 ZN PSZ-AC-2:DesPer 6:Des Sens Cool Cap [W],PERIMETER_ZN_1 ZN PSZ-AC-2:DesPer 6:Des Tot Cool Cap [W],PERIMETER_ZN_1 ZN PSZ-AC-2:DesPer 7:Des Heat Mass Flow [kg/s],PERIMETER_ZN_1 ZN PSZ-AC-2:DesPer 7:Des Heat Cap [W],PERIMETER_ZN_1 ZN PSZ-AC-2:DesPer 7:Des Cool Mass Flow [kg/s],PERIMETER_ZN_1 ZN PSZ-AC-2:DesPer 7:Des Sens Cool Cap [W],PERIMETER_ZN_1 ZN PSZ-AC-2:DesPer 7:Des Tot Cool Cap [W],PERIMETER_ZN_1 ZN PSZ-AC-2:DesPer 8:Des Heat Mass Flow [kg/s],PERIMETER_ZN_1 ZN PSZ-AC-2:DesPer 8:Des Heat Cap [W],PERIMETER_ZN_1 ZN PSZ-AC-2:DesPer 8:Des Cool Mass Flow [kg/s],PERIMETER_ZN_1 ZN PSZ-AC-2:DesPer 8:Des Sens Cool Cap [W],PERIMETER_ZN_1 ZN PSZ-AC-2:DesPer 8:Des Tot Cool Cap [W],PERIMETER_ZN_1 ZN PSZ-AC-2:DesPer 9:Des Heat Mass Flow [kg/s],PERIMETER_ZN_1 ZN PSZ-AC-2:DesPer 9:Des Heat Cap [W],PERIMETER_ZN_1 ZN PSZ-AC-2:DesPer 9:Des Cool Mass Flow [kg/s],PERIMETER_ZN_1 ZN PSZ-AC-2:DesPer 9:Des Sens Cool Cap [W],PERIMETER_ZN_1 ZN PSZ-AC-2:DesPer 9:Des Tot Cool Cap [W],PERIMETER_ZN_2 ZN PSZ-AC-3:DesPer 1:Des Heat Mass Flow [kg/s],PERIMETER_ZN_2 ZN PSZ-AC-3:DesPer 1:Des Heat Cap [W],PERIMETER_ZN_2 ZN PSZ-AC-3:DesPer 1:Des Cool Mass Flow [kg/s],PERIMETER_ZN_2 ZN PSZ-AC-3:DesPer 1:Des Sens Cool Cap [W],PERIMETER_ZN_2 ZN PSZ-AC-3:DesPer 1:Des Tot Cool Cap [W],PERIMETER_ZN_2 ZN PSZ-AC-3:DesPer 2:Des Heat Mass Flow [kg/s],PERIMETER_ZN_2 ZN PSZ-AC-3:DesPer 2:Des Heat Cap [W],PERIMETER_ZN_2 ZN PSZ-AC-3:DesPer 2:Des Cool Mass Flow [kg/s],PERIMETER_ZN_2 ZN PSZ-AC-3:DesPer 2:Des Sens Cool Cap [W],PERIMETER_ZN_2 ZN PSZ-AC-3:DesPer 2:Des Tot Cool Cap [W],PERIMETER_ZN_2 ZN PSZ-AC-3:DesPer 3:Des Heat Mass Flow [kg/s],PERIMETER_ZN_2 ZN PSZ-AC-3:DesPer 3:Des Heat Cap [W],PERIMETER_ZN_2 ZN PSZ-AC-3:DesPer 3:Des Cool Mass Flow [kg/s],PERIMETER_ZN_2 ZN PSZ-AC-3:DesPer 3:Des Sens Cool Cap [W],PERIMETER_ZN_2 ZN PSZ-AC-3:DesPer 3:Des Tot Cool Cap [W],PERIMETER_ZN_2 ZN PSZ-AC-3:DesPer 4:Des Heat Mass Flow [kg/s],PERIMETER_ZN_2 ZN PSZ-AC-3:DesPer 4:Des Heat Cap [W],PERIMETER_ZN_2 ZN PSZ-AC-3:DesPer 4:Des Cool Mass Flow [kg/s],PERIMETER_ZN_2 ZN PSZ-AC-3:DesPer 4:Des Sens Cool Cap [W],PERIMETER_ZN_2 ZN PSZ-AC-3:DesPer 4:Des Tot Cool Cap [W],PERIMETER_ZN_2 ZN PSZ-AC-3:DesPer 5:Des Heat Mass Flow [kg/s],PERIMETER_ZN_2 ZN PSZ-AC-3:DesPer 5:Des Heat Cap [W],PERIMETER_ZN_2 ZN PSZ-AC-3:DesPer 5:Des Cool Mass Flow [kg/s],PERIMETER_ZN_2 ZN PSZ-AC-3:DesPer 5:Des Sens Cool Cap [W],PERIMETER_ZN_2 ZN PSZ-AC-3:DesPer 5:Des Tot Cool Cap [W],PERIMETER_ZN_2 ZN PSZ-AC-3:DesPer 6:Des Heat Mass Flow [kg/s],PERIMETER_ZN_2 ZN PSZ-AC-3:DesPer 6:Des Heat Cap [W],PERIMETER_ZN_2 ZN PSZ-AC-3:DesPer 6:Des Cool Mass Flow [kg/s],PERIMETER_ZN_2 ZN PSZ-AC-3:DesPer 6:Des Sens Cool Cap [W],PERIMETER_ZN_2 ZN PSZ-AC-3:DesPer 6:Des Tot Cool Cap [W],PERIMETER_ZN_2 ZN PSZ-AC-3:DesPer 7:Des Heat Mass Flow [kg/s],PERIMETER_ZN_2 ZN PSZ-AC-3:DesPer 7:Des Heat Cap [W],PERIMETER_ZN_2 ZN PSZ-AC-3:DesPer 7:Des Cool Mass Flow [kg/s],PERIMETER_ZN_2 ZN PSZ-AC-3:DesPer 7:Des Sens Cool Cap [W],PERIMETER_ZN_2 ZN PSZ-AC-3:DesPer 7:Des Tot Cool Cap [W],PERIMETER_ZN_2 ZN PSZ-AC-3:DesPer 8:Des Heat Mass Flow [kg/s],PERIMETER_ZN_2 ZN PSZ-AC-3:DesPer 8:Des Heat Cap [W],PERIMETER_ZN_2 ZN PSZ-AC-3:DesPer 8:Des Cool Mass Flow [kg/s],PERIMETER_ZN_2 ZN PSZ-AC-3:DesPer 8:Des Sens Cool Cap [W],PERIMETER_ZN_2 ZN PSZ-AC-3:DesPer 8:Des Tot Cool Cap [W],PERIMETER_ZN_2 ZN PSZ-AC-3:DesPer 9:Des Heat Mass Flow [kg/s],PERIMETER_ZN_2 ZN PSZ-AC-3:DesPer 9:Des Heat Cap [W],PERIMETER_ZN_2 ZN PSZ-AC-3:DesPer 9:Des Cool Mass Flow [kg/s],PERIMETER_ZN_2 ZN PSZ-AC-3:DesPer 9:Des Sens Cool Cap [W],PERIMETER_ZN_2 ZN PSZ-AC-3:DesPer 9:Des Tot Cool Cap [W],PERIMETER_ZN_3 ZN PSZ-AC-4:DesPer 1:Des Heat Mass Flow [kg/s],PERIMETER_ZN_3 ZN PSZ-AC-4:DesPer 1:Des Heat Cap [W],PERIMETER_ZN_3 ZN PSZ-AC-4:DesPer 1:Des Cool Mass Flow [kg/s],PERIMETER_ZN_3 ZN PSZ-AC-4:DesPer 1:Des Sens Cool Cap [W],PERIMETER_ZN_3 ZN PSZ-AC-4:DesPer 1:Des Tot Cool Cap [W],PERIMETER_ZN_3 ZN PSZ-AC-4:DesPer 2:Des Heat Mass Flow [kg/s],PERIMETER_ZN_3 ZN PSZ-AC-4:DesPer 2:Des Heat Cap [W],PERIMETER_ZN_3 ZN PSZ-AC-4:DesPer 2:Des Cool Mass Flow [kg/s],PERIMETER_ZN_3 ZN PSZ-AC-4:DesPer 2:Des Sens Cool Cap [W],PERIMETER_ZN_3 ZN PSZ-AC-4:DesPer 2:Des Tot Cool Cap [W],PERIMETER_ZN_3 ZN PSZ-AC-4:DesPer 3:Des Heat Mass Flow [kg/s],PERIMETER_ZN_3 ZN PSZ-AC-4:DesPer 3:Des Heat Cap [W],PERIMETER_ZN_3 ZN PSZ-AC-4:DesPer 3:Des Cool Mass Flow [kg/s],PERIMETER_ZN_3 ZN PSZ-AC-4:DesPer 3:Des Sens Cool Cap [W],PERIMETER_ZN_3 ZN PSZ-AC-4:DesPer 3:Des Tot Cool Cap [W],PERIMETER_ZN_3 ZN PSZ-AC-4:DesPer 4:Des Heat Mass Flow [kg/s],PERIMETER_ZN_3 ZN PSZ-AC-4:DesPer 4:Des Heat Cap [W],PERIMETER_ZN_3 ZN PSZ-AC-4:DesPer 4:Des Cool Mass Flow [kg/s],PERIMETER_ZN_3 ZN PSZ-AC-4:DesPer 4:Des Sens Cool Cap [W],PERIMETER_ZN_3 ZN PSZ-AC-4:DesPer 4:Des Tot Cool Cap [W],PERIMETER_ZN_3 ZN PSZ-AC-4:DesPer 5:Des Heat Mass Flow [kg/s],PERIMETER_ZN_3 ZN PSZ-AC-4:DesPer 5:Des Heat Cap [W],PERIMETER_ZN_3 ZN PSZ-AC-4:DesPer 5:Des Cool Mass Flow [kg/s],PERIMETER_ZN_3 ZN PSZ-AC-4:DesPer 5:Des Sens Cool Cap [W],PERIMETER_ZN_3 ZN PSZ-AC-4:DesPer 5:Des Tot Cool Cap [W],PERIMETER_ZN_3 ZN PSZ-AC-4:DesPer 6:Des Heat Mass Flow [kg/s],PERIMETER_ZN_3 ZN PSZ-AC-4:DesPer 6:Des Heat Cap [W],PERIMETER_ZN_3 ZN PSZ-AC-4:DesPer 6:Des Cool Mass Flow [kg/s],PERIMETER_ZN_3 ZN PSZ-AC-4:DesPer 6:Des Sens Cool Cap [W],PERIMETER_ZN_3 ZN PSZ-AC-4:DesPer 6:Des Tot Cool Cap [W],PERIMETER_ZN_3 ZN PSZ-AC-4:DesPer 7:Des Heat Mass Flow [kg/s],PERIMETER_ZN_3 ZN PSZ-AC-4:DesPer 7:Des Heat Cap [W],PERIMETER_ZN_3 ZN PSZ-AC-4:DesPer 7:Des Cool Mass Flow [kg/s],PERIMETER_ZN_3 ZN PSZ-AC-4:DesPer 7:Des Sens Cool Cap [W],PERIMETER_ZN_3 ZN PSZ-AC-4:DesPer 7:Des Tot Cool Cap [W],PERIMETER_ZN_3 ZN PSZ-AC-4:DesPer 8:Des Heat Mass Flow [kg/s],PERIMETER_ZN_3 ZN PSZ-AC-4:DesPer 8:Des Heat Cap [W],PERIMETER_ZN_3 ZN PSZ-AC-4:DesPer 8:Des Cool Mass Flow [kg/s],PERIMETER_ZN_3 ZN PSZ-AC-4:DesPer 8:Des Sens Cool Cap [W],PERIMETER_ZN_3 ZN PSZ-AC-4:DesPer 8:Des Tot Cool Cap [W],PERIMETER_ZN_3 ZN PSZ-AC-4:DesPer 9:Des Heat Mass Flow [kg/s],PERIMETER_ZN_3 ZN PSZ-AC-4:DesPer 9:Des Heat Cap [W],PERIMETER_ZN_3 ZN PSZ-AC-4:DesPer 9:Des Cool Mass Flow [kg/s],PERIMETER_ZN_3 ZN PSZ-AC-4:DesPer 9:Des Sens Cool Cap [W],PERIMETER_ZN_3 ZN PSZ-AC-4:DesPer 9:Des Tot Cool Cap [W],PERIMETER_ZN_4 ZN PSZ-AC-5:DesPer 1:Des Heat Mass Flow [kg/s],PERIMETER_ZN_4 ZN PSZ-AC-5:DesPer 1:Des Heat Cap [W],PERIMETER_ZN_4 ZN PSZ-AC-5:DesPer 1:Des Cool Mass Flow [kg/s],PERIMETER_ZN_4 ZN PSZ-AC-5:DesPer 1:Des Sens Cool Cap [W],PERIMETER_ZN_4 ZN PSZ-AC-5:DesPer 1:Des Tot Cool Cap [W],PERIMETER_ZN_4 ZN PSZ-AC-5:DesPer 2:Des Heat Mass Flow [kg/s],PERIMETER_ZN_4 ZN PSZ-AC-5:DesPer 2:Des Heat Cap [W],PERIMETER_ZN_4 ZN PSZ-AC-5:DesPer 2:Des Cool Mass Flow [kg/s],PERIMETER_ZN_4 ZN PSZ-AC-5:DesPer 2:Des Sens Cool Cap [W],PERIMETER_ZN_4 ZN PSZ-AC-5:DesPer 2:Des Tot Cool Cap [W],PERIMETER_ZN_4 ZN PSZ-AC-5:DesPer 3:Des Heat Mass Flow [kg/s],PERIMETER_ZN_4 ZN PSZ-AC-5:DesPer 3:Des Heat Cap [W],PERIMETER_ZN_4 ZN PSZ-AC-5:DesPer 3:Des Cool Mass Flow [kg/s],PERIMETER_ZN_4 ZN PSZ-AC-5:DesPer 3:Des Sens Cool Cap [W],PERIMETER_ZN_4 ZN PSZ-AC-5:DesPer 3:Des Tot Cool Cap [W],PERIMETER_ZN_4 ZN PSZ-AC-5:DesPer 4:Des Heat Mass Flow [kg/s],PERIMETER_ZN_4 ZN PSZ-AC-5:DesPer 4:Des Heat Cap [W],PERIMETER_ZN_4 ZN PSZ-AC-5:DesPer 4:Des Cool Mass Flow [kg/s],PERIMETER_ZN_4 ZN PSZ-AC-5:DesPer 4:Des Sens Cool Cap [W],PERIMETER_ZN_4 ZN PSZ-AC-5:DesPer 4:Des Tot Cool Cap [W],PERIMETER_ZN_4 ZN PSZ-AC-5:DesPer 5:Des Heat Mass Flow [kg/s],PERIMETER_ZN_4 ZN PSZ-AC-5:DesPer 5:Des Heat Cap [W],PERIMETER_ZN_4 ZN PSZ-AC-5:DesPer 5:Des Cool Mass Flow [kg/s],PERIMETER_ZN_4 ZN PSZ-AC-5:DesPer 5:Des Sens Cool Cap [W],PERIMETER_ZN_4 ZN PSZ-AC-5:DesPer 5:Des Tot Cool Cap [W],PERIMETER_ZN_4 ZN PSZ-AC-5:DesPer 6:Des Heat Mass Flow [kg/s],PERIMETER_ZN_4 ZN PSZ-AC-5:DesPer 6:Des Heat Cap [W],PERIMETER_ZN_4 ZN PSZ-AC-5:DesPer 6:Des Cool Mass Flow [kg/s],PERIMETER_ZN_4 ZN PSZ-AC-5:DesPer 6:Des Sens Cool Cap [W],PERIMETER_ZN_4 ZN PSZ-AC-5:DesPer 6:Des Tot Cool Cap [W],PERIMETER_ZN_4 ZN PSZ-AC-5:DesPer 7:Des Heat Mass Flow [kg/s],PERIMETER_ZN_4 ZN PSZ-AC-5:DesPer 7:Des Heat Cap [W],PERIMETER_ZN_4 ZN PSZ-AC-5:DesPer 7:Des Cool Mass Flow [kg/s],PERIMETER_ZN_4 ZN PSZ-AC-5:DesPer 7:Des Sens Cool Cap [W],PERIMETER_ZN_4 ZN PSZ-AC-5:DesPer 7:Des Tot Cool Cap [W],PERIMETER_ZN_4 ZN PSZ-AC-5:DesPer 8:Des Heat Mass Flow [kg/s],PERIMETER_ZN_4 ZN PSZ-AC-5:DesPer 8:Des Heat Cap [W],PERIMETER_ZN_4 ZN PSZ-AC-5:DesPer 8:Des Cool Mass Flow [kg/s],PERIMETER_ZN_4 ZN PSZ-AC-5:DesPer 8:Des Sens Cool Cap [W],PERIMETER_ZN_4 ZN PSZ-AC-5:DesPer 8:Des Tot Cool Cap [W],PERIMETER_ZN_4 ZN PSZ-AC-5:DesPer 9:Des Heat Mass Flow [kg/s],PERIMETER_ZN_4 ZN PSZ-AC-5:DesPer 9:Des Heat Cap [W],PERIMETER_ZN_4 ZN PSZ-AC-5:DesPer 9:Des Cool Mass Flow [kg/s],PERIMETER_ZN_4 ZN PSZ-AC-5:DesPer 9:Des Sens Cool Cap [W],PERIMETER_ZN_4 ZN PSZ-AC-5:DesPer 9:Des Tot Cool Cap [W]
01:00:00,7.685182E-02,1.802436E+03,3.731563E-01,4.380274E+03,4.202310E+03,7.685182E-02,4.262832E+03,7.685182E-02,0.000000E+00,0.000000E+00,7.685182E-02,1.874410E+03,3.790841E-01,4.374504E+03,4.714474E+03,7.685182E-02,2.870616E+03,3.380940E-01,2.920635E+03,3.558288E+03,7.685182E-02,2.237369E+03,3.653199E-01,3.857866E+03,5.064460E+03,7.685182E-02,2.252814E+03,3.646901E-01,3.835389E+03,5.058888E+03,7.685182E-02,3.946208E+03,7.685182E-02,0.000000E+00,0.000000E+00,7.685182E-02,2.988616E+03,7.685182E-02,0.000000E+00,0.000000E+00,7.685182E-02,3.027228E+03,7.685182E-02,0.000000E+00,0.000000E+00,5.825866E-02,1.366364E+03,3.210310E-01,3.746644E+03,3.527822E+03,1.054926E-01,4.602780E+03,5.825866E-02,0.000000E+00,0.000000E+00,5.825866E-02,1.420924E+03,3.248610E-01,3.734797E+03,3.989815E+03,5.825866E-02,2.176112E+03,1.983391E-01,1.566919E+03,2.059060E+03,5.825866E-02,1.696070E+03,2.803701E-01,2.962815E+03,3.993102E+03,5.825866E-02,1.707779E+03,2.784460E-01,2.929622E+03,3.974508E+03,9.000075E-02,3.912999E+03,5.825866E-02,0.000000E+00,0.000000E+00,5.857916E-02,2.274868E+03,5.825866E-02,0.000000E+00,0.000000E+00,5.825866E-02,2.294835E+03,5.825866E-02,0.000000E+00,0.000000E+00,3.455978E-02,8.105444E+02,2.017506E-01,2.348859E+03,2.215421E+03,6.341875E-02,2.754793E+03,3.455978E-02,0.000000E+00,0.000000E+00,3.455978E-02,8.429106E+02,2.078098E-01,2.384109E+03,2.539915E+03,3.455978E-02,1.290898E+03,1.314796E-01,1.083840E+03,1.390508E+03,3.455978E-02,1.006131E+03,1.807425E-01,1.918613E+03,2.547260E+03,3.455978E-02,1.013076E+03,1.795744E-01,1.898625E+03,2.536226E+03,5.377151E-02,2.332330E+03,3.455978E-02,0.000000E+00,0.000000E+00,3.610354E-02,1.388777E+03,3.455978E-02,0.000000E+00,0.000000E+00,3.455978E-02,1.361326E+03,3.455978E-02,0.000000E+00,0.000000E+00,5.825866E-02,1.366364E+03,3.205547E-01,3.741331E+03,3.517450E+03,1.063986E-01,4.629084E+03,5.825866E-02,0.000000E+00,0.000000E+00,5.825866E-02,1.420924E+03,3.295644E-01,3.787315E+03,4.045438E+03,5.825866E-02,2.176112E+03,2.048280E-01,1.639367E+03,2.141240E+03,5.825866E-02,1.696070E+03,2.857071E-01,3.022401E+03,4.064157E+03,5.825866E-02,1.707779E+03,2.838106E-01,2.989517E+03,4.046034E+03,9.073035E-02,3.934181E+03,5.825866E-02,0.000000E+00,0.000000E+00,5.950533E-02,2.301755E+03,5.825866E-02,0.000000E+00,0.000000E+00,5.825866E-02,2.294835E+03,5.825866E-02,0.000000E+00,0.000000E+00,3.455978E-02,8.105444E+02,2.222325E-01,2.577554E+03,2.456303E+03,6.297102E-02,2.741795E+03,3.455978E-02,0.000000E+00,0.000000E+00,3.455978E-02,8.429106E+02,2.430717E-01,2.777827E+03,2.960807E+03,3.455978E-02,1.290898E+03,1.674875E-01,1.485873E+03,1.838952E+03,3.455978E-02,1.006131E+03,2.167163E-01,2.320265E+03,2.991013E+03,3.455978E-02,1.013076E+03,2.155387E-01,2.300171E+03,2.980315E+03,5.410381E-02,2.341977E+03,3.455978E-02,0.000000E+00,0.000000E+00,3.608022E-02,1.388100E+03,3.455978E-02,0.000000E+00,0.000000E+00,3.455978E-02,1.361326E+03,3.455978E-02,0.000000E+00,0.000000E+00
02:00:00,7.685182E-02,1.842594E+03,3.692351E-01,4.296305E+03,4.115258E+03,7.685182E-02,4.262832E+03,7.685182E-02,0.000000E+00,0.000000E+00,7.685182E-02,1.926615E+03,3.744993E-01,4.271079E+03,4.605642E+03,7.685182E-02,2.922820E+03,3.335338E-01,2.817490E+03,3.369003E+03,7.685182E-02,2.289573E+03,3.607238E-01,3.754317E+03,4.955194E+03,7.685182E-02,2.305018E+03,3.600945E-01,3.731846E+03,4.949617E+03,7.685182E-02,3.946208E+03,7.685182E-02,0.000000E+00,0.000000E+00,7.685182E-02,2.988616E+03,7.685182E-02,0.000000E+00,0.000000E+00,7.685182E-02,3.027228E+03,7.685182E-02,0.000000E+00,0.000000E+00,5.825866E-02,1.396805E+03,3.078184E-01,3.568666E+03,3.342378E+03,1.054829E-01,4.602508E+03,5.825866E-02,0.000000E+00,0.000000E+00,5.825866E-02,1.460499E+03,3.100364E-01,3.529683E+03,3.771523E+03,5.825866E-02,2.215687E+03,1.838923E-01,1.366039E+03,1.761646E+03,5.825866E-02,1.735645E+03,2.659890E-01,2.762650E+03,3.773584E+03,5.825866E-02,1.747353E+03,2.640746E-01,2.729567E+03,3.754889E+03,8.998996E-02,3.912691E+03,5.825866E-02,0.000000E+00,0.000000E+00,5.857127E-02,2.274639E+03,5.825866E-02,0.000000E+00,0.000000E+00,5.825866E-02,2.294835E+03,5.825866E-02,0.000000E+00,0.000000E+00,3.455978E-02,8.286028E+02,1.929586E-01,2.232626E+03,2.094698E+03,6.341390E-02,2.754659E+03,3.455978E-02,0.000000E+00,0.000000E+00,3.455978E-02,8.663866E+02,1.978683E-01,2.249622E+03,2.397546E+03,3.455978E-02,1.314374E+03,1.218807E-01,9.531886E+02,1.201730E+03,3.455978E-02,1.029607E+03,1.710677E-01,1.787103E+03,2.403853E+03,3.455978E-02,1.036552E+03,1.699074E-01,1.767201E+03,2.392774E+03,5.376599E-02,2.332173E+03,3.455978E-02,0.000000E+00,0.000000E+00,3.609934E-02,1.388655E+03,3.455978E-02,0.000000E+00,0.000000E+00,3.455978E-02,1.361326E+03,3.455978E-02,0.000000E+00,0.000000E+00,5.825866E-02,1.396805E+03,3.069274E-01,3.558723E+03,3.326990E+03,1.063892E-01,4.628820E+03,5.825866E-02,0.000000E+00,0.000000E+00,5.825866E-02,1.460499E+03,3.127972E-01,3.560511E+03,3.803400E+03,5.825866E-02,2.215687E+03,1.891266E-01,1.424479E+03,1.827243E+03,5.825866E-02,1.735645E+03,2.696254E-01,2.803248E+03,3.822676E+03,5.825866E-02,1.747353E+03,2.677544E-01,2.770649E+03,3.804634E+03,9.071979E-02,3.933880E+03,5.825866E-02,0.000000E+00,0.000000E+00,5.949756E-02,2.301529E+03,5.825866E-02,0.000000E+00,0.000000E+00,5.825866E-02,2.294835E+03,5.825866E-02,0.000000E+00,0.000000E+00,3.455978E-02,8.286028E+02,2.077530E-01,2.397817E+03,2.268274E+03,6.296616E-02,2.741660E+03,3.455978E-02,0.000000E+00,0.000000E+00,3.455978E-02,8.663866E+02,2.227229E-01,2.527136E+03,2.692663E+03,3.455978E-02,1.314374E+03,1.479826E-01,1.244618E+03,1.524233E+03,3.455978E-02,1.029607E+03,1.967937E-01,2.074334E+03,2.718883E+03,3.455978E-02,1.036552E+03,1.956362E-01,2.054464E+03,2.708153E+03,5.409830E-02,2.341821E+03,3.455978E-02,0.000000E+00,0.000000E+00,3.607604E-02,1.387979E+03,3.455978E-02,0.000000E+00,0.000000E+00,3.455978E-02,1.361326E+03,3.455978E-02,0.000000E+00,0.000000E+00
03:00:00,7.685182E-02,1.872711E+03,3.657839E-01,4.227622E+03,4.042688E+03,7.685182E-02,4.262832E+03,7.685182E-02,0.000000E+00,0.000000E+00,7.685182E-02,1.965768E+03,3.705160E-01,4.187423E+03,4.519027E+03,7.685182E-02,2.961973E+03,3.295324E-01,2.733637E+03,3.223883E+03,7.685182E-02,2.328726E+03,3.567250E-01,3.670488E+03,4.868211E+03,7.685182E-02,2.344171E+03,3.560960E-01,3.648020E+03,4.862631E+03,7.685182E-02,3.946208E+03,7.685182E-02,0.000000E+00,0.000000E+00,7.685182E-02,2.988616E+03,7.685182E-02,0.000000E+00,0.000000E+00,7.685182E-02,3.027228E+03,7.685182E-02,0.000000E+00,0.000000E+00,5.825866E-02,1.419636E+03,2.965728E-01,3.420260E+03,3.185287E+03,1.054738E-01,4.602251E+03,5.825866E-02,0.000000E+00,0.000000E+00,5.825866E-02,1.490179E+03,2.973377E-01,3.358200E+03,3.592085E+03,5.825866E-02,2.245367E+03,1.714767E-01,1.197736E+03,1.521310E+03,5.825866E-02,1.765325E+03,2.537086E-01,2.595838E+03,3.595979E+03,5.825866E-02,1.777034E+03,2.517972E-01,2.562788E+03,3.577203E+03,8.997975E-02,3.912398E+03,5.825866E-02,0.000000E+00,0.000000E+00,5.856364E-02,2.274418E+03,5.825866E-02,0.000000E+00,0.000000E+00,5.825866E-02,2.294835E+03,5.825866E-02,0.000000E+00,0.000000E+00,3.455978E-02,8.421466E+02,1.853668E-01,2.134309E+03,1.991094E+03,6.340942E-02,2.754533E+03,3.455978E-02,0.000000E+00,0.000000E+00,3.455978E-02,8.839935E+02,1.891766E-01,2.134959E+03,2.278028E+03,3.455978E-02,1.331981E+03,1.134803E-01,8.417896E+02,1.046659E+03,3.455978E-02,1.047214E+03,1.626574E-01,1.675581E+03,2.285650E+03,3.455978E-02,1.054159E+03,1.615036E-01,1.655752E+03,2.274579E+03,5.376083E-02,2.332026E+03,3.455978E-02,0.000000E+00,0.000000E+00,3.609527E-02,1.388537E+03,3.455978E-02,0.000000E+00,0.000000E+00,3.455978E-02,1.361326E+03,3.455978E-02,0.000000E+00,0.000000E+00,5.825866E-02,1.419636E+03,2.955917E-01,3.409309E+03,3.168859E+03,1.063803E-01,4.628571E+03,5.825866E-02,0.000000E+00,0.000000E+00,5.825866E-02,1.490179E+03,2.990632E-01,3.377469E+03,3.611503E+03,5.825866E-02,2.245367E+03,1.758469E-01,1.246528E+03,1.575524E+03,5.825866E-02,1.765325E+03,2.563961E-01,2.625841E+03,3.633095E+03,5.825866E-02,1.777034E+03,2.545382E-01,2.593387E+03,3.615097E+03,9.070984E-02,3.933595E+03,5.825866E-02,0.000000E+00,0.000000E+00,5.949004E-02,2.301311E+03,5.825866E-02,0.000000E+00,0.000000E+00,5.825866E-02,2.294835E+03,5.825866E-02,0.000000E+00,0.000000E+00,3.455978E-02,8.421466E+02,1.969261E-01,2.263377E+03,2.126201E+03,6.296166E-02,2.741534E+03,3.455978E-02,0.000000E+00,0.000000E+00,3.455978E-02,8.839935E+02,2.081439E-01,2.346737E+03,2.502852E+03,3.455978E-02,1.331981E+03,1.337728E-01,1.068356E+03,1.297265E+03,3.455978E-02,1.047214E+03,1.824998E-01,1.897119E+03,2.528253E+03,3.455978E-02,1.054159E+03,1.813547E-01,1.877388E+03,2.517546E+03,5.409316E-02,2.341674E+03,3.455978E-02,0.000000E+00,0.000000E+00,3.607198E-02,1.387861E+03,3.455978E-02,0.000000E+00,0.000000E+00,3.455978E-02,1.361326E+03,3.455978E-02,0.000000E+00,0.000000E+00
04:00:00,7.685182E-02,1.902829E+03,3.626566E-01,4.162560E+03,3.975490E+03,7.685182E-02,4.262832E+03,7.685182E-02,0.000000E+00,0.000000E+00,7.685182E-02,2.004921E+03,3.669351E-01,4.108270E+03,4.437106E+03,7.685182E-02,3.001126E+03,3.259129E-01,2.654057E+03,3.084995E+03,7.685182E-02,2.367879E+03,3.531307E-01,3.591187E+03,4.785957E+03,7.685182E-02,2.383324E+03,3.525020E-01,3.568723E+03,4.780373E+03,7.685182E-02,3.946208E+03,7.685182E-02,0.000000E+00,0.000000E+00,7.685182E-02,2.988616E+03,7.685182E-02,0.000000E+00,0.000000E+00,7.685182E-02,3.027228E+03,7.685182E-02,0.000000E+00,0.000000E+00,5.825866E-02,1.442468E+03,2.868831E-01,3.289226E+03,3.049008E+03,1.054652E-01,4.602003E+03,5.825866E-02,0.000000E+00,0.000000E+00,5.825866E-02,1.519860E+03,2.863625E-01,3.205969E+03,3.432294E+03,5.825866E-02,2.275048E+03,1.606800E-01,1.047512E+03,1.304513E+03,5.825866E-02,1.795006E+03,2.430060E-01,2.446651E+03,3.436161E+03,5.825866E-02,1.806714E+03,2.410966E-01,2.413623E+03,3.417282E+03,8.997002E-02,3.912118E+03,5.825866E-02,0.000000E+00,0.000000E+00,5.855631E-02,2.274205E+03,5.825866E-02,0.000000E+00,0.000000E+00,5.825866E-02,2.294835E+03,5.825866E-02,0.000000E+00,0.000000E+00,3.455978E-02,8.556904E+02,1.787605E-01,2.046997E+03,1.900537E+03,6.340521E-02,2.754413E+03,3.455978E-02,0.000000E+00,0.000000E+00,3.455978E-02,9.016004E+02,1.815582E-01,2.032284E+03,2.170576E+03,3.455978E-02,1.349588E+03,1.060891E-01,7.416622E+02,9.062230E+02,3.455978E-02,1.064821E+03,1.552639E-01,1.575419E+03,2.178729E+03,3.455978E-02,1.071766E+03,1.541131E-01,1.555624E+03,2.167613E+03,5.375595E-02,2.331885E+03,3.455978E-02,0.000000E+00,0.000000E+00,3.609137E-02,1.388423E+03,3.455978E-02,0.000000E+00,0.000000E+00,3.455978E-02,1.361326E+03,3.455978E-02,0.000000E+00,0.000000E+00,5.825866E-02,1.442468E+03,2.859013E-01,3.278270E+03,3.032524E+03,1.063720E-01,4.628331E+03,5.825866E-02,0.000000E+00,0.000000E+00,5.825866E-02,1.519860E+03,2.873943E-01,3.217491E+03,3.443295E+03,5.825866E-02,2.275048E+03,1.644678E-01,1.089801E+03,1.351114E+03,5.825866E-02,1.795006E+03,2.451009E-01,2.470037E+03,3.465763E+03,5.825866E-02,1.806714E+03,2.432472E-01,2.437631E+03,3.447684E+03,9.070037E-02,3.933323E+03,5.825866E-02,0.000000E+00,0.000000E+00,5.948282E-02,2.301101E+03,5.825866E-02,0.000000E+00,0.000000E+00,5.825866E-02,2.294835E+03,5.825866E-02,0.000000E+00,0.000000E+00,3.455978E-02,8.556904E+02,1.882883E-01,2.153380E+03,2.011779E+03,6.295743E-02,2.741413E+03,3.455978E-02,0.000000E+00,0.000000E+00,3.455978E-02,9.016004E+02,1.967997E-01,2.202461E+03,2.350979E+03,3.455978E-02,1.349588E+03,1.226717E-01,9.268067E+02,1.111301E+03,3.455978E-02,1.064821E+03,1.713670E-01,1.755207E+03,2.375385E+03,3.455978E-02,1.071766E+03,1.702280E-01,1.735543E+03,2.364634E+03,5.408830E-02,2.341534E+03,3.455978E-02,0.000000E+00,0.000000E+00,3.606809E-02,1.387748E+03,3.455978E-02,0.000000E+00,0.000000E+00,3.455978E-02,1.361326E+03,3.455978E-02,0.000000E+00,0.000000E+00
05:00:00,7.685182E-02,1.922908E+03,3.597519E-01,4.110031E+03,3.921120E+03,7.685182E-02,4.262832E+03,7.685182E-02,0.000000E+00,0.000000E+00,7.685182E-02,2.031023E+03,3.636269E-01,4.045216E+03,4.370465E+03,7.685182E-02,3.027228E+03,3.225447E-01,2.590340E+03,2.981913E+03,7.685182E-02,2.393982E+03,3.498128E-01,3.528025E+03,4.718990E+03,7.685182E-02,2.409427E+03,3.491847E-01,3.505567E+03,4.713405E+03,7.685182E-02,3.946208E+03,7.685182E-02,0.000000E+00,0.000000E+00,7.685182E-02,2.988616E+03,7.685182E-02,0.000000E+00,0.000000E+00,7.685182E-02,3.027228E+03,7.685182E-02,0.000000E+00,0.000000E+00,5.825866E-02,1.457689E+03,2.783933E-01,3.179205E+03,2.934309E+03,1.054568E-01,4.601759E+03,5.825866E-02,0.000000E+00,0.000000E+00,5.825866E-02,1.539647E+03,2.767317E-01,3.078642E+03,3.295451E+03,5.825866E-02,2.294835E+03,1.511815E-01,9.216777E+02,1.129972E+03,5.825866E-02,1.814793E+03,2.335251E-01,2.321001E+03,3.295703E+03,5.825866E-02,1.826501E+03,2.316045E-01,2.287849E+03,3.276457E+03,8.996060E-02,3.911845E+03,5.825866E-02,0.000000E+00,0.000000E+00,5.854929E-02,2.274001E+03,5.825866E-02,0.000000E+00,0.000000E+00,5.825866E-02,2.294835E+03,5.825866E-02,0.000000E+00,0.000000E+00,3.455978E-02,8.647196E+02,1.729400E-01,1.972974E+03,1.823558E+03,6.340108E-02,2.754294E+03,3.455978E-02,0.000000E+00,0.000000E+00,3.455978E-02,9.133384E+02,1.748177E-01,1.945282E+03,2.077447E+03,3.455978E-02,1.361326E+03,9.953802E-02,6.567839E+02,7.917587E+02,3.455978E-02,1.076559E+03,1.486770E-01,1.490132E+03,2.083812E+03,3.455978E-02,1.083504E+03,1.475231E-01,1.470303E+03,2.072515E+03,5.375121E-02,2.331749E+03,3.455978E-02,0.000000E+00,0.000000E+00,3.608763E-02,1.388315E+03,3.455978E-02,0.000000E+00,0.000000E+00,3.455978E-02,1.361326E+03,3.455978E-02,0.000000E+00,0.000000E+00,5.825866E-02,1.457689E+03,2.774695E-01,3.168896E+03,2.918465E+03,1.063638E-01,4.628095E+03,5.825866E-02,0.000000E+00,0.000000E+00,5.825866E-02,1.539647E+03,2.773054E-01,3.085050E+03,3.300816E+03,5.825866E-02,2.294835E+03,1.545859E-01,9.596869E+02,1.171646E+03,5.825866E-02,1.814793E+03,2.352101E-01,2.339811E+03,3.319936E+03,5.825866E-02,1.826501E+03,2.333410E-01,2.307233E+03,3.301426E+03,9.069119E-02,3.933057E+03,5.825866E-02,0.000000E+00,0.000000E+00,5.947589E-02,2.300900E+03,5.825866E-02,0.000000E+00,0.000000E+00,5.825866E-02,2.294835E+03,5.825866E-02,0.000000E+00,0.000000E+00,3.455978E-02,8.647196E+02,1.811151E-01,2.064253E+03,1.918948E+03,6.295330E-02,2.741294E+03,3.455978E-02,0.000000E+00,0.000000E+00,3.455978E-02,9.133384E+02,1.875612E-01,2.087565E+03,2.227878E+03,3.455978E-02,1.361326E+03,1.136140E-01,8.139416E+02,9.662744E+02,3.455978E-02,1.076559E+03,1.622753E-01,1.641954E+03,2.249355E+03,3.455978E-02,1.083504E+03,1.611368E-01,1.622296E+03,2.238439E+03,5.408358E-02,2.341398E+03,3.455978E-02,0.000000E+00,0.000000E+00,3.606436E-02,1.387639E+03,3.455978E-02,0.000000E+00,0.000000E+00,3.455978E-02,1.361326E+03,3.455978E-02,0.000000E+00,0.000000E+00
06:00:00,7.685182E-02,1.902829E+03,3.571733E-01,4.101300E+03,3.910003E+03,7.685182E-02,4.262832E+03,7.685182E-02,0.000000E+00,0.000000E+00,7.685182E-02,2.004921E+03,3.610482E-01,4.042509E+03,4.366809E+03,7.685182E-02,3.001126E+03,3.198779E-01,2.586659E+03,3.012834E+03,7.685182E-02,2.367879E+03,3.472334E-01,3.525310E+03,4.715312E+03,7.685182E-02,2.383324E+03,3.466070E-01,3.502871E+03,4.709747E+03,7.685182E-02,3.946208E+03,7.685182E-02,0.000000E+00,0.000000E+00,7.685182E-02,2.988616E+03,7.685182E-02,0.000000E+00,0.000000E+00,7.685182E-02,3.027228E+03,7.685182E-02,0.000000E+00,0.000000E+00,5.825866E-02,1.442468E+03,2.719425E-01,3.122392E+03,2.872029E+03,1.054484E-01,4.601516E+03,5.825866E-02,0.000000E+00,0.000000E+00,5.825866E-02,1.519860E+03,2.697475E-01,3.020438E+03,3.232990E+03,5.825866E-02,2.275048E+03,1.445303E-01,8.672064E+02,1.088586E+03,5.825866E-02,1.795006E+03,2.267273E-01,2.264881E+03,3.233094E+03,5.825866E-02,1.806714E+03,2.248120E-01,2.231787E+03,3.213807E+03,8.995134E-02,3.911577E+03,5.825866E-02,0.000000E+00,0.000000E+00,5.854256E-02,2.273806E+03,5.825866E-02,0.000000E+00,0.000000E+00,5.825866E-02,2.294835E+03,5.825866E-02,0.000000E+00,0.000000E+00,3.455978E-02,8.556904E+02,1.701566E-01,1.950919E+03,1.798524E+03,6.339693E-02,2.754174E+03,3.455978E-02,0.000000E+00,0.000000E+00,3.455978E-02,9.016004E+02,1.774756E-01,1.986687E+03,2.127216E+03,3.455978E-02,1.349588E+03,1.013237E-01,6.884593E+02,8.473183E+02,3.455978E-02,1.064821E+03,1.514183E-01,1.532466E+03,2.140229E+03,3.455978E-02,1.071766E+03,1.503207E-01,1.513265E+03,2.129873E+03,5.374653E-02,2.331613E+03,3.455978E-02,0.000000E+00,0.000000E+00,3.608405E-02,1.388211E+03,3.455978E-02,0.000000E+00,0.000000E+00,3.455978E-02,1.361326E+03,3.455978E-02,0.000000E+00,0.000000E+00,5.825866E-02,1.442468E+03,2.721942E-01,3.125207E+03,2.869808E+03,1.063556E-01,4.627859E+03,5.825866E-02,0.000000E+00,0.000000E+00,5.825866E-02,1.519860E+03,2.751901E-01,3.081207E+03,3.300430E+03,5.825866E-02,2.275048E+03,1.525810E-01,9.570904E+02,1.195425E+03,5.825866E-02,1.795006E+03,2.335500E-01,2.341049E+03,3.327934E+03,5.825866E-02,1.806714E+03,2.317241E-01,2.308953E+03,3.310083E+03,9.068216E-02,3.932795E+03,5.825866E-02,0.000000E+00,0.000000E+00,5.946927E-02,2.300708E+03,5.825866E-02,0.000000E+00,0.000000E+00,5.825866E-02,2.294835E+03,5.825866E-02,0.000000E+00,0.000000E+00,3.455978E-02,8.556904E+02,1.755779E-01,2.011452E+03,1.861971E+03,6.294913E-02,2.741173E+03,3.455978E-02,0.000000E+00,0.000000E+00,3.455978E-02,9.016004E+02,1.806645E-01,2.022294E+03,2.158196E+03,3.455978E-02,1.349588E+03,1.069621E-01,7.514135E+02,9.081660E+02,3.455978E-02,1.064821E+03,1.555026E-01,1.578068E+03,2.178685E+03,3.455978E-02,1.071766E+03,1.543786E-01,1.558573E+03,2.167865E+03,5.407891E-02,2.341262E+03,3.455978E-02,0.000000E+00,0.000000E+00,3.606080E-02,1.387536E+03,3.455978E-02,0.000000E+00,0.000000E+00,3.455978E-02,1.361326E+03,3.455978E-02,0.000000E+00,0.000000E+00
07:00:00,7.685182E-02,1.832554E+03,3.553335E-01,4.151028E+03,3.959103E+03,7.685182E-02,4.262832E+03,7.685182E-02,0.000000E+00,0.000000E+00,7.685182E-02,1.913563E+03,3.595041E-01,4.116615E+03,4.439063E+03,7.685182E-02,2.909769E+03,3.182097E-01,2.659382E+03,3.217697E+03,7.685182E-02,2.276522E+03,3.456874E-01,3.599388E+03,4.787776E+03,7.685182E-02,2.291967E+03,3.450617E-01,3.576957E+03,4.782217E+03,7.685182E-02,3.946208E+03,7.685182E-02,0.000000E+00,0.000000E+00,7.685182E-02,2.988616E+03,7.685182E-02,0.000000E+00,0.000000E+00,7.685182E-02,3.027228E+03,7.685182E-02,0.000000E+00,0.000000E+00,5.825866E-02,1.389195E+03,2.695264E-01,3.148683E+03,2.893740E+03,1.054552E-01,4.601714E+03,5.825866E-02,0.000000E+00,0.000000E+00,5.825866E-02,1.450605E+03,2.666919E-01,3.055569E+03,3.259065E+03,5.825866E-02,2.205793E+03,1.418491E-01,9.065234E+02,1.222875E+03,5.825866E-02,1.725751E+03,2.236864E-01,2.300169E+03,3.254826E+03,5.825866E-02,1.737459E+03,2.217724E-01,2.267090E+03,3.235407E+03,8.995813E-02,3.911774E+03,5.825866E-02,0.000000E+00,0.000000E+00,5.854543E-02,2.273889E+03,5.825866E-02,0.000000E+00,0.000000E+00,5.825866E-02,2.294835E+03,5.825866E-02,0.000000E+00,0.000000E+00,3.455978E-02,8.240882E+02,1.776215E-01,2.065862E+03,1.906100E+03,6.340079E-02,2.754286E+03,3.455978E-02,0.000000E+00,0.000000E+00,3.455978E-02,8.605176E+02,1.930507E-01,2.201651E+03,2.309900E+03,3.455978E-02,1.308505E+03,1.147785E-01,8.797520E+02,1.080248E+03,3.455978E-02,1.023738E+03,1.662289E-01,1.738871E+03,2.303753E+03,3.455978E-02,1.030683E+03,1.651043E-01,1.719369E+03,2.292756E+03,5.375035E-02,2.331724E+03,3.455978E-02,0.000000E+00,0.000000E+00,3.608553E-02,1.388254E+03,3.455978E-02,0.000000E+00,0.000000E+00,3.455978E-02,1.361326E+03,3.455978E-02,0.000000E+00,0.000000E+00,5.825866E-02,1.389195E+03,2.729822E-01,3.187271E+03,2.925433E+03,1.063624E-01,4.628056E+03,5.825866E-02,0.000000E+00,0.000000E+00,5.825866E-02,1.450605E+03,2.788808E-01,3.191655E+03,3.386295E+03,5.825866E-02,2.205793E+03,1.550247E-01,1.053622E+03,1.377540E+03,5.825866E-02,1.725751E+03,2.365677E-01,2.443970E+03,3.396459E+03,5.825866E-02,1.737459E+03,2.347193E-01,2.411624E+03,3.378030E+03,9.068892E-02,3.932992E+03,5.825866E-02,0.000000E+00,0.000000E+00,5.947209E-02,2.300790E+03,5.825866E-02,0.000000E+00,0.000000E+00,5.825866E-02,2.294835E+03,5.825866E-02,0.000000E+00,0.000000E+00,3.455978E-02,8.240882E+02,1.725375E-01,2.009104E+03,1.856622E+03,6.295300E-02,2.741285E+03,3.455978E-02,0.000000E+00,0.000000E+00,3.455978E-02,8.605176E+02,1.764812E-01,2.016665E+03,2.146446E+03,3.455978E-02,1.308505E+03,1.029540E-01,7.477445E+02,9.600834E+02,3.455978E-02,1.023738E+03,1.512628E-01,1.571806E+03,2.162591E+03,3.455978E-02,1.030683E+03,1.501395E-01,1.552318E+03,2.151624E+03,5.408273E-02,2.341373E+03,3.455978E-02,0.000000E+00,0.000000E+00,3.606227E-02,1.387579E+03,3.455978E-02,0.000000E+00,0.000000E+00,3.455978E-02,1.361326E+03,3.455978E-02,0.000000E+00,0.000000E+00
08:00:00,7.685182E-02,1.661887E+03,3.544341E-01,4.311678E+03,4.120095E+03,7.685182E-02,4.262832E+03,7.685182E-02,0.000000E+00,0.000000E+00,7.685182E-02,1.691695E+03,3.588461E-01,4.331159E+03,4.654930E+03,7.685182E-02,2.687901E+03,3.174047E-01,2.872282E+03,3.799654E+03,7.685182E-02,2.054654E+03,3.450106E-01,3.813721E+03,5.003814E+03,7.685182E-02,2.070099E+03,3.443841E-01,3.791281E+03,4.998258E+03,7.685182E-02,3.946208E+03,7.685182E-02,0.000000E+00,0.000000E+00,7.685182E-02,2.988616E+03,7.685182E-02,0.000000E+00,0.000000E+00,7.685182E-02,3.027228E+03,7.685182E-02,0.000000E+00,0.000000E+00,5.825866E-02,1.259818E+03,2.721167E-01,3.306988E+03,3.083806E+03,1.044600E-01,4.572821E+03,5.825866E-02,0.000000E+00,0.000000E+00,5.825866E-02,1.282415E+03,2.684647E-01,3.243563E+03,3.453104E+03,5.825866E-02,2.037603E+03,1.457233E-01,1.117972E+03,1.718078E+03,5.825866E-02,1.557561E+03,2.259008E-01,2.493094E+03,3.412610E+03,5.825866E-02,1.569269E+03,2.240187E-01,2.460371E+03,3.393017E+03,8.909372E-02,3.886679E+03,5.825866E-02,0.000000E+00,0.000000E+00,5.825866E-02,2.265564E+03,5.825866E-02,0.000000E+00,0.000000E+00,5.825866E-02,2.294835E+03,5.825866E-02,0.000000E+00,0.000000E+00,3.455978E-02,7.473400E+02,1.948765E-01,2.335266E+03,2.189848E+03,6.273669E-02,2.735005E+03,3.455978E-02,0.000000E+00,0.000000E+00,3.455978E-02,7.607449E+02,2.180035E-01,2.580023E+03,2.687837E+03,3.455978E-02,1.208732E+03,1.386041E-01,1.245531E+03,1.611089E+03,3.455978E-02,9.239651E+02,1.907595E-01,2.112515E+03,2.639347E+03,3.455978E-02,9.309106E+02,1.896230E-01,2.092880E+03,2.627734E+03,5.317340E-02,2.314974E+03,3.455978E-02,0.000000E+00,0.000000E+00,3.455978E-02,1.343962E+03,3.455978E-02,0.000000E+00,0.000000E+00,3.455978E-02,1.361326E+03,3.455978E-02,0.000000E+00,0.000000E+00,5.825866E-02,1.259818E+03,2.766143E-01,3.357207E+03,3.130737E+03,1.053209E-01,4.597819E+03,5.825866E-02,0.000000E+00,0.000000E+00,5.825866E-02,1.282415E+03,2.835058E-01,3.411494E+03,3.619783E+03,5.825866E-02,2.037603E+03,1.610472E-01,1.289058E+03,1.901660E+03,5.825866E-02,1.557561E+03,2.413560E-01,2.665633E+03,3.587267E+03,5.825866E-02,1.569269E+03,2.395242E-01,2.633472E+03,3.568466E+03,8.978424E-02,3.906727E+03,5.825866E-02,0.000000E+00,0.000000E+00,5.825866E-02,2.265564E+03,5.825866E-02,0.000000E+00,0.000000E+00,5.825866E-02,2.294835E+03,5.825866E-02,0.000000E+00,0.000000E+00,3.455978E-02,7.473400E+02,1.723337E-01,2.083580E+03,1.954320E+03,6.228890E-02,2.722005E+03,3.455978E-02,0.000000E+00,0.000000E+00,3.455978E-02,7.607449E+02,1.752259E-01,2.102428E+03,2.236694E+03,3.455978E-02,1.208732E+03,1.029927E-01,8.479524E+02,1.226358E+03,3.455978E-02,9.239651E+02,1.503820E-01,1.661753E+03,2.225807E+03,3.455978E-02,9.309106E+02,1.492610E-01,1.642290E+03,2.214439E+03,5.350577E-02,2.324623E+03,3.455978E-02,0.000000E+00,0.000000E+00,3.455978E-02,1.343962E+03,3.455978E-02,0.000000E+00,0.000000E+00,3.455978E-02,1.361326E+03,3.455978E-02,0.000000E+00,0.000000E+00
09:00:00,7.685182E-02,1.471140E+03,3.547365E-01,4.505845E+03,4.314775E+03,7.685182E-02,4.262832E+03,7.685182E-02,0.000000E+00,0.000000E+00,7.685182E-02,1.443725E+03,3.592617E-01,4.583809E+03,4.910257E+03,7.685182E-02,2.439931E+03,3.176786E-01,3.123345E+03,4.545803E+03,7.685182E-02,1.806684E+03,3.454052E-01,4.066132E+03,5.259486E+03,7.685182E-02,1.822129E+03,3.447770E-01,4.043673E+03,5.253926E+03,7.685182E-02,3.946208E+03,7.685182E-02,0.000000E+00,0.000000E+00,7.685182E-02,2.988616E+03,7.685182E-02,0.000000E+00,0.000000E+00,7.685182E-02,3.027228E+03,7.685182E-02,0.000000E+00,0.000000E+00,5.825866E-02,1.115220E+03,2.805746E-01,3.546034E+03,3.341530E+03,1.034642E-01,4.543912E+03,5.825866E-02,0.000000E+00,0.000000E+00,5.825866E-02,1.094437E+03,2.758335E-01,3.513834E+03,3.726625E+03,5.825866E-02,1.849625E+03,1.542530E-01,1.401191E+03,2.388677E+03,5.825866E-02,1.369583E+03,2.335303E-01,2.766276E+03,3.663733E+03,5.825866E-02,1.381292E+03,2.316445E-01,2.733512E+03,3.643786E+03,8.822880E-02,3.861568E+03,5.825866E-02,0.000000E+00,0.000000E+00,5.825866E-02,2.265564E+03,5.825866E-02,0.000000E+00,0.000000E+00,5.825866E-02,2.294835E+03,5.825866E-02,0.000000E+00,0.000000E+00,3.455978E-02,6.615626E+02,2.196828E-01,2.698020E+03,2.567248E+03,6.207224E-02,2.715715E+03,3.455978E-02,0.000000E+00,0.000000E+00,3.455978E-02,6.492343E+02,2.486423E-01,3.033631E+03,3.154969E+03,3.455978E-02,1.097222E+03,1.679979E-01,1.685227E+03,2.290313E+03,3.455978E-02,8.124544E+02,2.209147E-01,2.560714E+03,3.086319E+03,3.455978E-02,8.194000E+02,2.197623E-01,2.540899E+03,3.074256E+03,5.259614E-02,2.298215E+03,3.455978E-02,0.000000E+00,0.000000E+00,3.455978E-02,1.343962E+03,3.455978E-02,0.000000E+00,0.000000E+00,3.455978E-02,1.361326E+03,3.455978E-02,0.000000E+00,0.000000E+00,5.825866E-02,1.115220E+03,2.854619E-01,3.600605E+03,3.397478E+03,1.042789E-01,4.567566E+03,5.825866E-02,0.000000E+00,0.000000E+00,5.825866E-02,1.094437E+03,2.928951E-01,3.704325E+03,3.925181E+03,5.825866E-02,1.849625E+03,1.714460E-01,1.593147E+03,2.600198E+03,5.825866E-02,1.369583E+03,2.510262E-01,2.961602E+03,3.869959E+03,5.825866E-02,1.381292E+03,2.491865E-01,2.929353E+03,3.850722E+03,8.887907E-02,3.880448E+03,5.825866E-02,0.000000E+00,0.000000E+00,5.825866E-02,2.265564E+03,5.825866E-02,0.000000E+00,0.000000E+00,5.825866E-02,2.294835E+03,5.825866E-02,0.000000E+00,0.000000E+00,3.455978E-02,6.615626E+02,1.755431E-01,2.205198E+03,2.088594E+03,6.162446E-02,2.702715E+03,3.455978E-02,0.000000E+00,0.000000E+00,3.455978E-02,6.492343E+02,1.774169E-01,2.238414E+03,2.374188E+03,3.455978E-02,1.097222E+03,1.059638E-01,9.926427E+02,1.598411E+03,3.455978E-02,8.124544E+02,1.527894E-01,1.800158E+03,2.347168E+03,3.455978E-02,8.194000E+02,1.516758E-01,1.780779E+03,2.335560E+03,5.292850E-02,2.307864E+03,3.455978E-02,0.000000E+00,0.000000E+00,3.455978E-02,1.343962E+03,3.455978E-02,0.000000E+00,0.000000E+00,3.455978E-02,1.361326E+03,3.455978E-02,0.000000E+00,0.000000E+00
10:00:00,7.685182E-02,1.300473E+03,3.564013E-01,4.695147E+03,4.505121E+03,7.685182E-02,4.262832E+03,7.685182E-02,0.000000E+00,0.000000E+00,7.685182E-02,1.221857E+03,3.609614E-01,4.824693E+03,5.154241E+03,7.685182E-02,2.218062E+03,3.192474E-01,3.362763E+03,4.838915E+03,7.685182E-02,1.584816E+03,3.470769E-01,4.306702E+03,5.502915E+03,7.685182E-02,1.600261E+03,3.464467E-01,4.284220E+03,5.497345E+03,7.685182E-02,3.946208E+03,7.685182E-02,0.000000E+00,0.000000E+00,7.685182E-02,2.988616E+03,7.685182E-02,0.000000E+00,0.000000E+00,7.685182E-02,3.027228E+03,7.685182E-02,0.000000E+00,0.000000E+00,5.825866E-02,9.858424E+02,2.948577E-01,3.834899E+03,3.639678E+03,1.024678E-01,4.514980E+03,5.825866E-02,0.000000E+00,0.000000E+00,5.825866E-02,9.262469E+02,2.890076E-01,3.829133E+03,4.045518E+03,5.825866E-02,1.681435E+03,1.678383E-01,1.721069E+03,2.766479E+03,5.825866E-02,1.201393E+03,2.467252E-01,3.081814E+03,3.964407E+03,5.825866E-02,1.213101E+03,2.448433E-01,3.049092E+03,3.944202E+03,8.736327E-02,3.836439E+03,5.825866E-02,0.000000E+00,0.000000E+00,5.825866E-02,2.265564E+03,5.825866E-02,0.000000E+00,0.000000E+00,5.825866E-02,2.294835E+03,5.825866E-02,0.000000E+00,0.000000E+00,3.455978E-02,5.848144E+02,2.478552E-01,3.089331E+03,2.976380E+03,6.140738E-02,2.696410E+03,3.455978E-02,0.000000E+00,0.000000E+00,3.455978E-02,5.494616E+02,2.805837E-01,3.490053E+03,3.635190E+03,3.455978E-02,9.974489E+02,1.987880E-01,2.128780E+03,2.787075E+03,3.455978E-02,7.126818E+02,2.523968E-01,3.012003E+03,3.556093E+03,3.455978E-02,7.196273E+02,2.512289E-01,2.992015E+03,3.543759E+03,5.201853E-02,2.281444E+03,3.455978E-02,0.000000E+00,0.000000E+00,3.455978E-02,1.343962E+03,3.455978E-02,0.000000E+00,0.000000E+00,3.455978E-02,1.361326E+03,3.455978E-02,0.000000E+00,0.000000E+00,5.825866E-02,9.858424E+02,2.995489E-01,3.887281E+03,3.696108E+03,1.032362E-01,4.537291E+03,5.825866E-02,0.000000E+00,0.000000E+00,5.825866E-02,9.262469E+02,3.073251E-01,4.033649E+03,4.264170E+03,5.825866E-02,1.681435E+03,1.862435E-01,1.926561E+03,2.996216E+03,5.825866E-02,1.201393E+03,2.654907E-01,3.291317E+03,4.193161E+03,5.825866E-02,1.213101E+03,2.636511E-01,3.259068E+03,4.173624E+03,8.797329E-02,3.854150E+03,5.825866E-02,0.000000E+00,0.000000E+00,5.825866E-02,2.265564E+03,5.825866E-02,0.000000E+00,0.000000E+00,5.825866E-02,2.294835E+03,5.825866E-02,0.000000E+00,0.000000E+00,3.455978E-02,5.848144E+02,1.821077E-01,2.355250E+03,2.243683E+03,6.095961E-02,2.683411E+03,3.455978E-02,0.000000E+00,0.000000E+00,3.455978E-02,5.494616E+02,1.830901E-01,2.401541E+03,2.538133E+03,3.455978E-02,9.974489E+02,1.120746E-01,1.160648E+03,1.797276E+03,3.455978E-02,7.126818E+02,1.585583E-01,1.964359E+03,2.500757E+03,3.455978E-02,7.196273E+02,1.574476E-01,1.945012E+03,2.488940E+03,5.235087E-02,2.291093E+03,3.455978E-02,0.000000E+00,0.000000E+00,3.455978E-02,1.343962E+03,3.455978E-02,0.000000E+00,0.000000E+00,3.455978E-02,1.361326E+03,3.455978E-02,0.000000E+00,0.000000E+00
11:00:00,7.685182E-02,1.149883E+03,3.593991E-01,4.879251E+03,4.691401E+03,7.685182E-02,4.262832E+03,7.685182E-02,0.000000E+00,0.000000E+00,7.685182E-02,1.026091E+03,3.639761E-01,5.054162E+03,5.387608E+03,7.685182E-02,2.022297E+03,3.221517E-01,3.590988E+03,5.071719E+03,7.685182E-02,1.389050E+03,3.500601E-01,4.535817E+03,5.736778E+03,7.685182E-02,1.404495E+03,3.494279E-01,4.513313E+03,5.731198E+03,7.685182E-02,3.946208E+03,7.685182E-02,0.000000E+00,0.000000E+00,7.685182E-02,2.988616E+03,7.685182E-02,0.000000E+00,0.000000E+00,7.685182E-02,3.027228E+03,7.685182E-02,0.000000E+00,0.000000E+00,5.825866E-02,8.716861E+02,3.162048E-01,4.187416E+03,4.000328E+03,1.014706E-01,4.486024E+03,5.825866E-02,0.000000E+00,0.000000E+00,5.825866E-02,7.778437E+02,3.095176E-01,4.206558E+03,4.428244E+03,5.825866E-02,1.533032E+03,1.880279E-01,2.094897E+03,3.162360E+03,5.825866E-02,1.052990E+03,2.670923E-01,3.457647E+03,4.347903E+03,5.825866E-02,1.064698E+03,2.651942E-01,3.424744E+03,4.327623E+03,8.649710E-02,3.811289E+03,5.825866E-02,0.000000E+00,0.000000E+00,5.825866E-02,2.265564E+03,5.825866E-02,0.000000E+00,0.000000E+00,5.825866E-02,2.294835E+03,5.825866E-02,0.000000E+00,0.000000E+00,3.455978E-02,5.170954E+02,2.736510E-01,3.445080E+03,3.358733E+03,6.074207E-02,2.677091E+03,3.455978E-02,0.000000E+00,0.000000E+00,3.455978E-02,4.614269E+02,3.086970E-01,3.892004E+03,4.071501E+03,3.455978E-02,9.094142E+02,2.260917E-01,2.521675E+03,3.222734E+03,3.455978E-02,6.246471E+02,2.801663E-01,3.410121E+03,3.993433E+03,3.455978E-02,6.315926E+02,2.789874E-01,3.390011E+03,3.981102E+03,5.144052E-02,2.264662E+03,3.455978E-02,0.000000E+00,0.000000E+00,3.455978E-02,1.343962E+03,3.455978E-02,0.000000E+00,0.000000E+00,3.455978E-02,1.361326E+03,3.455978E-02,0.000000E+00,0.000000E+00,5.825866E-02,8.716861E+02,3.181818E-01,4.209493E+03,4.030393E+03,1.021927E-01,4.506992E+03,5.825866E-02,0.000000E+00,0.000000E+00,5.825866E-02,7.778437E+02,3.263959E-01,4.395008E+03,4.637571E+03,5.825866E-02,1.533032E+03,2.053647E-01,2.288463E+03,3.384719E+03,5.825866E-02,1.052990E+03,2.845202E-01,3.652221E+03,4.568178E+03,5.825866E-02,1.064698E+03,2.826748E-01,3.619907E+03,4.548655E+03,8.706687E-02,3.827832E+03,5.825866E-02,0.000000E+00,0.000000E+00,5.825866E-02,2.265564E+03,5.825866E-02,0.000000E+00,0.000000E+00,5.825866E-02,2.294835E+03,5.825866E-02,0.000000E+00,0.000000E+00,3.455978E-02,5.170954E+02,1.917117E-01,2.530208E+03,2.423697E+03,6.029431E-02,2.664092E+03,3.455978E-02,0.000000E+00,0.000000E+00,3.455978E-02,4.614269E+02,1.920615E-01,2.589757E+03,2.729442E+03,3.455978E-02,9.094142E+02,1.212459E-01,1.351087E+03,1.998126E+03,3.455978E-02,6.246471E+02,1.675471E-01,2.152776E+03,2.692825E+03,3.455978E-02,6.315926E+02,1.664362E-01,2.133426E+03,2.681033E+03,5.177286E-02,2.274310E+03,3.455978E-02,0.000000E+00,0.000000E+00,3.455978E-02,1.343962E+03,3.455978E-02,0.000000E+00,0.000000E+00,3.455978E-02,1.361326E+03,3.455978E-02,0.000000E+00,0.000000E+00
12:00:00,7.685182E-02,1.049491E+03,3.634978E-01,5.025452E+03,4.840624E+03,7.685182E-02,4.262832E+03,7.685182E-02,0.000000E+00,0.000000E+00,7.685182E-02,8.955808E+02,3.677623E-01,5.226989E+03,5.563948E+03,7.685182E-02,1.891786E+03,3.258584E-01,3.762914E+03,5.247748E+03,7.685182E-02,1.258539E+03,3.538054E-01,4.708186E+03,5.913189E+03,7.685182E-02,1.273984E+03,3.531696E-01,4.685642E+03,5.907576E+03,7.685182E-02,3.946208E+03,7.685182E-02,0.000000E+00,0.000000E+00,7.685182E-02,2.988616E+03,7.685182E-02,0.000000E+00,0.000000E+00,7.685182E-02,3.027228E+03,7.685182E-02,0.000000E+00,0.000000E+00,5.825866E-02,7.955818E+02,3.434425E-01,4.567652E+03,4.390946E+03,1.004726E-01,4.457043E+03,5.825866E-02,0.000000E+00,0.000000E+00,5.825866E-02,6.789082E+02,3.360081E-01,4.601292E+03,4.831019E+03,5.825866E-02,1.434096E+03,2.133044E-01,2.476053E+03,3.564703E+03,5.825866E-02,9.540542E+02,2.929240E-01,3.845032E+03,4.746093E+03,5.825866E-02,9.657626E+02,2.909958E-01,3.811793E+03,4.725569E+03,8.563023E-02,3.786119E+03,5.825866E-02,0.000000E+00,0.000000E+00,5.825866E-02,2.265564E+03,5.825866E-02,0.000000E+00,0.000000E+00,5.825866E-02,2.294835E+03,5.825866E-02,0.000000E+00,0.000000E+00,3.455978E-02,4.719494E+02,2.934336E-01,3.711121E+03,3.654483E+03,6.007624E-02,2.657756E+03,3.455978E-02,0.000000E+00,0.000000E+00,3.455978E-02,4.027371E+02,3.239529E-01,4.121061E+03,4.331689E+03,3.455978E-02,8.507244E+02,2.420173E-01,2.758190E+03,3.499608E+03,3.455978E-02,5.659573E+02,2.952136E-01,3.636865E+03,4.255765E+03,3.455978E-02,5.729028E+02,2.939727E-01,3.616064E+03,4.242811E+03,5.086206E-02,2.247866E+03,3.455978E-02,0.000000E+00,0.000000E+00,3.455978E-02,1.343962E+03,3.455978E-02,0.000000E+00,0.000000E+00,3.455978E-02,1.361326E+03,3.455978E-02,0.000000E+00,0.000000E+00,5.825866E-02,7.955818E+02,3.384781E-01,4.512227E+03,4.346010E+03,1.011484E-01,4.476666E+03,5.825866E-02,0.000000E+00,0.000000E+00,5.825866E-02,6.789082E+02,3.428857E-01,4.678085E+03,4.928382E+03,5.825866E-02,1.434096E+03,2.217050E-01,2.569848E+03,3.682292E+03,5.825866E-02,9.540542E+02,3.004918E-01,3.929523E+03,4.854234E+03,5.825866E-02,9.657626E+02,2.985901E-01,3.896581E+03,4.834055E+03,8.615974E-02,3.801493E+03,5.825866E-02,0.000000E+00,0.000000E+00,5.825866E-02,2.265564E+03,5.825866E-02,0.000000E+00,0.000000E+00,5.825866E-02,2.294835E+03,5.825866E-02,0.000000E+00,0.000000E+00,3.455978E-02,4.719494E+02,2.033421E-01,2.705217E+03,2.605235E+03,5.962848E-02,2.644757E+03,3.455978E-02,0.000000E+00,0.000000E+00,3.455978E-02,4.027371E+02,2.030964E-01,2.771670E+03,2.916552E+03,3.455978E-02,8.507244E+02,1.322190E-01,1.532296E+03,2.190558E+03,3.455978E-02,5.659573E+02,1.784761E-01,2.333513E+03,2.879902E+03,3.455978E-02,5.729028E+02,1.773474E-01,2.313965E+03,2.867937E+03,5.119439E-02,2.257514E+03,3.455978E-02,0.000000E+00,0.000000E+00,3.455978E-02,1.343962E+03,3.455978E-02,0.000000E+00,0.000000E+00,3.455978E-02,1.361326E+03,3.455978E-02,0.000000E+00,0.000000E+00
13:00:00,7.685182E-02,9.691764E+02,3.682133E-01,5.158447E+03,4.977284E+03,7.685182E-02,4.262832E+03,7.685182E-02,0.000000E+00,0.000000E+00,7.685182E-02,7.911723E+02,3.719602E-01,5.378297E+03,5.718833E+03,7.685182E-02,1.787377E+03,3.300234E-01,3.913851E+03,5.402859E+03,7.685182E-02,1.154131E+03,3.579639E-01,4.859062E+03,6.068003E+03,7.685182E-02,1.169576E+03,3.573253E-01,4.836487E+03,6.062362E+03,7.685182E-02,3.946208E+03,7.685182E-02,0.000000E+00,0.000000E+00,7.685182E-02,2.988616E+03,7.685182E-02,0.000000E+00,0.000000E+00,7.685182E-02,3.027228E+03,7.685182E-02,0.000000E+00,0.000000E+00,5.825866E-02,7.346985E+02,3.726290E-01,4.954422E+03,4.791278E+03,9.947372E-02,4.428036E+03,5.825866E-02,0.000000E+00,0.000000E+00,5.825866E-02,5.997598E+02,3.650758E-01,5.005011E+03,5.247968E+03,5.825866E-02,1.354948E+03,2.408841E-01,2.863142E+03,3.973957E+03,5.825866E-02,8.749059E+02,3.214015E-01,4.242182E+03,5.158774E+03,5.825866E-02,8.866142E+02,3.194481E-01,4.208661E+03,5.138051E+03,8.476263E-02,3.760927E+03,5.825866E-02,0.000000E+00,0.000000E+00,5.825866E-02,2.265564E+03,5.825866E-02,0.000000E+00,0.000000E+00,5.825866E-02,2.294835E+03,5.825866E-02,0.000000E+00,0.000000E+00,3.455978E-02,4.358326E+02,3.033326E-01,3.857778E+03,3.817823E+03,5.940982E-02,2.638404E+03,3.455978E-02,0.000000E+00,0.000000E+00,3.455978E-02,3.557852E+02,3.264992E-01,4.196480E+03,4.419782E+03,3.455978E-02,8.037725E+02,2.466034E-01,2.856388E+03,3.617305E+03,3.455978E-02,5.190054E+02,2.984399E-01,3.719923E+03,4.354227E+03,3.455978E-02,5.259510E+02,2.972232E-01,3.699392E+03,4.341639E+03,5.028313E-02,2.231056E+03,3.455978E-02,0.000000E+00,0.000000E+00,3.455978E-02,1.343962E+03,3.455978E-02,0.000000E+00,0.000000E+00,3.455978E-02,1.361326E+03,3.455978E-02,0.000000E+00,0.000000E+00,5.825866E-02,7.346985E+02,3.568645E-01,4.778410E+03,4.622983E+03,1.001032E-01,4.446314E+03,5.825866E-02,0.000000E+00,0.000000E+00,5.825866E-02,5.997598E+02,3.582663E-01,4.928986E+03,5.186408E+03,5.825866E-02,1.354948E+03,2.381075E-01,2.832149E+03,3.959703E+03,5.825866E-02,8.749059E+02,3.163686E-01,4.185995E+03,5.119928E+03,5.825866E-02,8.866142E+02,3.144776E-01,4.153172E+03,5.099943E+03,8.525185E-02,3.775131E+03,5.825866E-02,0.000000E+00,0.000000E+00,5.825866E-02,2.265564E+03,5.825866E-02,0.000000E+00,0.000000E+00,5.825866E-02,2.294835E+03,5.825866E-02,0.000000E+00,0.000000E+00,3.455978E-02,4.358326E+02,2.155280E-01,2.877397E+03,2.784605E+03,5.896207E-02,2.625405E+03,3.455978E-02,0.000000E+00,0.000000E+00,3.455978E-02,3.557852E+02,2.150704E-01,2.952325E+03,3.103966E+03,3.455978E-02,8.037725E+02,1.440893E-01,1.711788E+03,2.381841E+03,3.455978E-02,5.190054E+02,1.904639E-01,2.514338E+03,3.068832E+03,3.455978E-02,5.259510E+02,1.893326E-01,2.494760E+03,3.056888E+03,5.061546E-02,2.240704E+03,3.455978E-02,0.000000E+00,0.000000E+00,3.455978E-02,1.343962E+03,3.455978E-02,0.000000E+00,0.000000E+00,3.455978E-02,1.361326E+03,3.455978E-02,0.000000E+00,0.000000E+00
14:00:00,7.685182E-02,9.189800E+02,3.732212E-01,5.264544E+03,5.087747E+03,7.685182E-02,4.262832E+03,7.685182E-02,0.000000E+00,0.000000E+00,7.685182E-02,7.259170E+02,3.765913E-01,5.495251E+03,5.839539E+03,7.685182E-02,1.722122E+03,3.346610E-01,4.030877E+03,5.524215E+03,7.685182E-02,1.088875E+03,3.625731E-01,4.975771E+03,6.188723E+03,7.685182E-02,1.104321E+03,3.619330E-01,4.953179E+03,6.183071E+03,7.685182E-02,3.946208E+03,7.685182E-02,0.000000E+00,0.000000E+00,7.685182E-02,2.988616E+03,7.685182E-02,0.000000E+00,0.000000E+00,7.685182E-02,3.027228E+03,7.685182E-02,0.000000E+00,0.000000E+00,5.825866E-02,6.966463E+02,3.999696E-01,5.297722E+03,5.152872E+03,9.947548E-02,4.428079E+03,5.825866E-02,0.000000E+00,0.000000E+00,5.825866E-02,5.502921E+02,3.929045E-01,5.365184E+03,5.626279E+03,5.825866E-02,1.305480E+03,2.654745E-01,3.187156E+03,4.319560E+03,5.825866E-02,8.254381E+02,3.481997E-01,4.590857E+03,5.527190E+03,5.825866E-02,8.371465E+02,3.461908E-01,4.556719E+03,5.505880E+03,8.476506E-02,3.760993E+03,5.825866E-02,0.000000E+00,0.000000E+00,5.825866E-02,2.265564E+03,5.825866E-02,0.000000E+00,0.000000E+00,5.825866E-02,2.294835E+03,5.825866E-02,0.000000E+00,0.000000E+00,3.455978E-02,4.132596E+02,3.041603E-01,3.889584E+03,3.853725E+03,5.941050E-02,2.638418E+03,3.455978E-02,0.000000E+00,0.000000E+00,3.455978E-02,3.264403E+02,3.203605E-01,4.157282E+03,4.379605E+03,3.455978E-02,7.744276E+02,2.414941E-01,2.828689E+03,3.589650E+03,3.455978E-02,4.896605E+02,2.926240E-01,3.684345E+03,4.317901E+03,3.455978E-02,4.966060E+02,2.914167E-01,3.663918E+03,4.305427E+03,5.028424E-02,2.231085E+03,3.455978E-02,0.000000E+00,0.000000E+00,3.455978E-02,1.343962E+03,3.455978E-02,0.000000E+00,0.000000E+00,3.455978E-02,1.361326E+03,3.455978E-02,0.000000E+00,0.000000E+00,5.825866E-02,6.966463E+02,3.758429E-01,5.028344E+03,4.885987E+03,1.001049E-01,4.446354E+03,5.825866E-02,0.000000E+00,0.000000E+00,5.825866E-02,5.502921E+02,3.765327E-01,5.182394E+03,5.451551E+03,5.825866E-02,1.305480E+03,2.546169E-01,3.065938E+03,4.209167E+03,5.825866E-02,8.254381E+02,3.342331E-01,4.434923E+03,5.382161E+03,5.825866E-02,8.371465E+02,3.323140E-01,4.401788E+03,5.361906E+03,8.525421E-02,3.775194E+03,5.825866E-02,0.000000E+00,0.000000E+00,5.825866E-02,2.265564E+03,5.825866E-02,0.000000E+00,0.000000E+00,5.825866E-02,2.294835E+03,5.825866E-02,0.000000E+00,0.000000E+00,3.455978E-02,4.132596E+02,2.286941E-01,3.046962E+03,2.960673E+03,5.896276E-02,2.625420E+03,3.455978E-02,0.000000E+00,0.000000E+00,3.455978E-02,3.264403E+02,2.285731E-01,3.132426E+03,3.289737E+03,3.455978E-02,7.744276E+02,1.560954E-01,1.875176E+03,2.553391E+03,3.455978E-02,4.896605E+02,2.034480E-01,2.688652E+03,3.249462E+03,3.455978E-02,4.966060E+02,2.023084E-01,2.668983E+03,3.237475E+03,5.061656E-02,2.240733E+03,3.455978E-02,0.000000E+00,0.000000E+00,3.455978E-02,1.343962E+03,3.455978E-02,0.000000E+00,0.000000E+00,3.455978E-02,1.361326E+03,3.455978E-02,0.000000E+00,0.000000E+00
15:00:00,7.685182E-02,9.189800E+02,3.781423E-01,5.319441E+03,5.147815E+03,7.685182E-02,4.262832E+03,7.685182E-02,0.000000E+00,0.000000E+00,7.685182E-02,7.259170E+02,3.814902E-01,5.549903E+03,5.898105E+03,7.685182E-02,1.722122E+03,3.394650E-01,4.084476E+03,5.582286E+03,7.685182E-02,1.088875E+03,3.673371E-01,5.028921E+03,6.245960E+03,7.685182E-02,1.104321E+03,3.666965E-01,5.006325E+03,6.240311E+03,7.685182E-02,3.946208E+03,7.685182E-02,0.000000E+00,0.000000E+00,7.685182E-02,2.988616E+03,7.685182E-02,0.000000E+00,0.000000E+00,7.685182E-02,3.027228E+03,7.685182E-02,0.000000E+00,0.000000E+00,5.825866E-02,6.966463E+02,4.216226E-01,5.539441E+03,5.414309E+03,9.947670E-02,4.428107E+03,5.825866E-02,0.000000E+00,0.000000E+00,5.825866E-02,5.502921E+02,4.156582E-01,5.619195E+03,5.901306E+03,5.825866E-02,1.305480E+03,2.861039E-01,3.417452E+03,4.575639E+03,5.825866E-02,8.254381E+02,3.701150E-01,4.835511E+03,5.795061E+03,5.825866E-02,8.371465E+02,3.680909E-01,4.801203E+03,5.773666E+03,8.476702E-02,3.761046E+03,5.825866E-02,0.000000E+00,0.000000E+00,5.825866E-02,2.265564E+03,5.825866E-02,0.000000E+00,0.000000E+00,5.825866E-02,2.294835E+03,5.825866E-02,0.000000E+00,0.000000E+00,3.455978E-02,4.132596E+02,2.980171E-01,3.820965E+03,3.780303E+03,5.941081E-02,2.638422E+03,3.455978E-02,0.000000E+00,0.000000E+00,3.455978E-02,3.264403E+02,3.090517E-01,4.030986E+03,4.244395E+03,3.455978E-02,7.744276E+02,2.313793E-01,2.715731E+03,3.465553E+03,3.455978E-02,4.896605E+02,2.817506E-01,3.562915E+03,4.186436E+03,3.455978E-02,4.966060E+02,2.805566E-01,3.542637E+03,4.174076E+03,5.028503E-02,2.231106E+03,3.455978E-02,0.000000E+00,0.000000E+00,3.455978E-02,1.343962E+03,3.455978E-02,0.000000E+00,0.000000E+00,3.455978E-02,1.361326E+03,3.455978E-02,0.000000E+00,0.000000E+00,5.825866E-02,6.966463E+02,3.920749E-01,5.209536E+03,5.080618E+03,1.001060E-01,4.446377E+03,5.825866E-02,0.000000E+00,0.000000E+00,5.825866E-02,5.502921E+02,3.929803E-01,5.365996E+03,5.647405E+03,5.825866E-02,1.305480E+03,2.694169E-01,3.231149E+03,4.390929E+03,5.825866E-02,8.254381E+02,3.499121E-01,4.609947E+03,5.571068E+03,5.825866E-02,8.371465E+02,3.479896E-01,4.576773E+03,5.550853E+03,8.525605E-02,3.775243E+03,5.825866E-02,0.000000E+00,0.000000E+00,5.825866E-02,2.265564E+03,5.825866E-02,0.000000E+00,0.000000E+00,5.825866E-02,2.294835E+03,5.825866E-02,0.000000E+00,0.000000E+00,3.455978E-02,4.132596E+02,2.477180E-01,3.259340E+03,3.182256E+03,5.896308E-02,2.625424E+03,3.455978E-02,0.000000E+00,0.000000E+00,3.455978E-02,3.264403E+02,2.508660E-01,3.381303E+03,3.542292E+03,3.455978E-02,7.744276E+02,1.754463E-01,2.091203E+03,2.778377E+03,3.455978E-02,4.896605E+02,2.238829E-01,2.916784E+03,3.482776E+03,3.455978E-02,4.966060E+02,2.227197E-01,2.896851E+03,3.470589E+03,5.061734E-02,2.240753E+03,3.455978E-02,0.000000E+00,0.000000E+00,3.455978E-02,1.343962E+03,3.455978E-02,0.000000E+00,0.000000E+00,3.455978E-02,1.361326E+03,3.455978E-02,0.000000E+00,0.000000E+00
16:00:00,7.685182E-02,9.792157E+02,3.826892E-01,5.309915E+03,5.139132E+03,7.685182E-02,4.262832E+03,7.685182E-02,0.000000E+00,0.000000E+00,7.685182E-02,8.042233E+02,3.861083E-01,5.523098E+03,5.873374E+03,7.685182E-02,1.800429E+03,3.440554E-01,4.057368E+03,5.557568E+03,7.685182E-02,1.167182E+03,3.718812E-01,5.001292E+03,6.220440E+03,7.685182E-02,1.182627E+03,3.712407E-01,4.978696E+03,6.214794E+03,7.685182E-02,3.946208E+03,7.685182E-02,0.000000E+00,0.000000E+00,7.685182E-02,2.988616E+03,7.685182E-02,0.000000E+00,0.000000E+00,7.685182E-02,3.027228E+03,7.685182E-02,0.000000E+00,0.000000E+00,5.825866E-02,7.423089E+02,4.370091E-01,5.665522E+03,5.556718E+03,9.947768E-02,4.428129E+03,5.825866E-02,0.000000E+00,0.000000E+00,5.825866E-02,6.096534E+02,4.323592E-01,5.746250E+03,6.045870E+03,5.825866E-02,1.364841E+03,3.018920E-01,3.534321E+03,4.714277E+03,5.825866E-02,8.847994E+02,3.864832E-01,4.958849E+03,5.937944E+03,5.825866E-02,8.965077E+02,3.844416E-01,4.924346E+03,5.916412E+03,8.476873E-02,3.761092E+03,5.825866E-02,0.000000E+00,0.000000E+00,5.825866E-02,2.265564E+03,5.825866E-02,0.000000E+00,0.000000E+00,5.825866E-02,2.294835E+03,5.825866E-02,0.000000E+00,0.000000E+00,3.455978E-02,4.403472E+02,2.884482E-01,3.687006E+03,3.639378E+03,5.941094E-02,2.638422E+03,3.455978E-02,0.000000E+00,0.000000E+00,3.455978E-02,3.616542E+02,2.965214E-01,3.855832E+03,4.058328E+03,3.455978E-02,8.096415E+02,2.200080E-01,2.553524E+03,3.289276E+03,3.455978E-02,5.248744E+02,2.696641E-01,3.392716E+03,4.003890E+03,3.455978E-02,5.318199E+02,2.684835E-01,3.372589E+03,3.991633E+03,5.028565E-02,2.231122E+03,3.455978E-02,0.000000E+00,0.000000E+00,3.455978E-02,1.343962E+03,3.455978E-02,0.000000E+00,0.000000E+00,3.455978E-02,1.361326E+03,3.455978E-02,0.000000E+00,0.000000E+00,5.825866E-02,7.423089E+02,4.041966E-01,5.299167E+03,5.176598E+03,1.001068E-01,4.446395E+03,5.825866E-02,0.000000E+00,0.000000E+00,5.825866E-02,6.096534E+02,4.056109E-01,5.447604E+03,5.737885E+03,5.825866E-02,1.364841E+03,2.813081E-01,3.304507E+03,4.476460E+03,5.825866E-02,8.847994E+02,3.622406E-01,4.688182E+03,5.659539E+03,5.825866E-02,8.965077E+02,3.603084E-01,4.654899E+03,5.639258E+03,8.525762E-02,3.775286E+03,5.825866E-02,0.000000E+00,0.000000E+00,5.825866E-02,2.265564E+03,5.825866E-02,0.000000E+00,0.000000E+00,5.825866E-02,2.294835E+03,5.825866E-02,0.000000E+00,0.000000E+00,3.455978E-02,4.403472E+02,2.724776E-01,3.508661E+03,3.424653E+03,5.896322E-02,2.625424E+03,3.455978E-02,0.000000E+00,0.000000E+00,3.455978E-02,3.616542E+02,2.800550E-01,3.671946E+03,3.835900E+03,3.455978E-02,8.096415E+02,2.017378E-01,2.349489E+03,3.043755E+03,3.455978E-02,5.248744E+02,2.512872E-01,3.187494E+03,3.757627E+03,3.455978E-02,5.318199E+02,2.500999E-01,3.167291E+03,3.745216E+03,5.061795E-02,2.240769E+03,3.455978E-02,0.000000E+00,0.000000E+00,3.455978E-02,1.343962E+03,3.455978E-02,0.000000E+00,0.000000E+00,3.455978E-02,1.361326E+03,3.455978E-02,0.000000E+00,0.000000E+00
17:00:00,7.685182E-02,1.059530E+03,3.864238E-01,5.271271E+03,5.100868E+03,7.685182E-02,4.262832E+03,7.685182E-02,0.000000E+00,0.000000E+00,7.685182E-02,9.086318E+02,3.900930E-01,5.463139E+03,5.812654E+03,7.685182E-02,1.904837E+03,3.480874E-01,3.997940E+03,5.496983E+03,7.685182E-02,1.271590E+03,3.758553E-01,4.941217E+03,6.159237E+03,7.685182E-02,1.287035E+03,3.752152E-01,4.918625E+03,6.153592E+03,7.685182E-02,3.946208E+03,7.685182E-02,0.000000E+00,0.000000E+00,7.685182E-02,2.988616E+03,7.685182E-02,0.000000E+00,0.000000E+00,7.685182E-02,3.027228E+03,7.685182E-02,0.000000E+00,0.000000E+00,5.825866E-02,8.031923E+02,4.440673E-01,5.683423E+03,5.588517E+03,9.947858E-02,4.428152E+03,5.825866E-02,0.000000E+00,0.000000E+00,5.825866E-02,6.888018E+02,4.407837E-01,5.761127E+03,6.076394E+03,5.825866E-02,1.443990E+03,3.105656E-01,3.551986E+03,4.749185E+03,5.825866E-02,9.639478E+02,3.949739E-01,4.974465E+03,5.970275E+03,5.825866E-02,9.756561E+02,3.929398E-01,4.940045E+03,5.948868E+03,8.477033E-02,3.761137E+03,5.825866E-02,0.000000E+00,0.000000E+00,5.825866E-02,2.265564E+03,5.825866E-02,0.000000E+00,0.000000E+00,5.825866E-02,2.294835E+03,5.825866E-02,0.000000E+00,0.000000E+00,3.455978E-02,4.764640E+02,2.805479E-01,3.562665E+03,3.512181E+03,5.941102E-02,2.638422E+03,3.455978E-02,0.000000E+00,0.000000E+00,3.455978E-02,4.086061E+02,2.871791E-01,3.704546E+03,3.903159E+03,3.455978E-02,8.565933E+02,2.116530E-01,2.413268E+03,3.143980E+03,3.455978E-02,5.718262E+02,2.607544E-01,3.246263E+03,3.853145E+03,3.455978E-02,5.787718E+02,2.595844E-01,3.226253E+03,3.840991E+03,5.028619E-02,2.231136E+03,3.455978E-02,0.000000E+00,0.000000E+00,3.455978E-02,1.343962E+03,3.455978E-02,0.000000E+00,0.000000E+00,3.455978E-02,1.361326E+03,3.455978E-02,0.000000E+00,0.000000E+00,5.825866E-02,8.031923E+02,4.112583E-01,5.317106E+03,5.202136E+03,1.001076E-01,4.446413E+03,5.825866E-02,0.000000E+00,0.000000E+00,5.825866E-02,6.888018E+02,4.133651E-01,5.454996E+03,5.752923E+03,5.825866E-02,1.443990E+03,2.890432E-01,3.311693E+03,4.491181E+03,5.825866E-02,9.639478E+02,3.700388E-01,4.696065E+03,5.675104E+03,5.825866E-02,9.756561E+02,3.681054E-01,4.662769E+03,5.654823E+03,8.525909E-02,3.775326E+03,5.825866E-02,0.000000E+00,0.000000E+00,5.825866E-02,2.265564E+03,5.825866E-02,0.000000E+00,0.000000E+00,5.825866E-02,2.294835E+03,5.825866E-02,0.000000E+00,0.000000E+00,3.455978E-02,4.764640E+02,2.975573E-01,3.752543E+03,3.667352E+03,5.896330E-02,2.625425E+03,3.455978E-02,0.000000E+00,0.000000E+00,3.455978E-02,4.086061E+02,3.126638E-01,3.989042E+03,4.145122E+03,3.455978E-02,8.565933E+02,2.319321E-01,2.639618E+03,3.320363E+03,3.455978E-02,5.718262E+02,2.825470E-01,3.489521E+03,4.048446E+03,3.455978E-02,5.787718E+02,2.813356E-01,3.469050E+03,4.035698E+03,5.061848E-02,2.240783E+03,3.455978E-02,0.000000E+00,0.000000E+00,3.455978E-02,1.343962E+03,3.455978E-02,0.000000E+00,0.000000E+00,3.455978E-02,1.361326E+03,3.455978E-02,0.000000E+00,0.000000E+00
18:00:00,7.685182E-02,1.159923E+03,3.891709E-01,5.201544E+03,5.032481E+03,7.685182E-02,4.262832E+03,7.685182E-02,0.000000E+00,0.000000E+00,7.685182E-02,1.039142E+03,3.933298E-01,5.368757E+03,5.718396E+03,7.685182E-02,2.035348E+03,3.513927E-01,3.904328E+03,5.403045E+03,7.685182E-02,1.402101E+03,3.791252E-01,4.847204E+03,6.064911E+03,7.685182E-02,1.417546E+03,3.784859E-01,4.824621E+03,6.059272E+03,7.685182E-02,3.946208E+03,7.685182E-02,0.000000E+00,0.000000E+00,7.685182E-02,2.988616E+03,7.685182E-02,0.000000E+00,0.000000E+00,7.685182E-02,3.027228E+03,7.685182E-02,0.000000E+00,0.000000E+00,5.825866E-02,8.792965E+02,4.419410E-01,5.583577E+03,5.497576E+03,9.947959E-02,4.428180E+03,5.825866E-02,0.000000E+00,0.000000E+00,5.825866E-02,7.877373E+02,4.400045E-01,5.653487E+03,5.977990E+03,5.825866E-02,1.542925E+03,3.111771E-01,3.459880E+03,4.668374E+03,5.825866E-02,1.062883E+03,3.945615E-01,4.870921E+03,5.877752E+03,5.825866E-02,1.074592E+03,3.925440E-01,4.836686E+03,5.856567E+03,8.477197E-02,3.761184E+03,5.825866E-02,0.000000E+00,0.000000E+00,5.825866E-02,2.265564E+03,5.825866E-02,0.000000E+00,0.000000E+00,5.825866E-02,2.294835E+03,5.825866E-02,0.000000E+00,0.000000E+00,3.455978E-02,5.216100E+02,2.750827E-01,3.456495E+03,3.407007E+03,5.941118E-02,2.638426E+03,3.455978E-02,0.000000E+00,0.000000E+00,3.455978E-02,4.672959E+02,2.809627E-01,3.576443E+03,3.775627E+03,3.455978E-02,9.152832E+02,2.061922E-01,2.293604E+03,3.025290E+03,3.455978E-02,6.305160E+02,2.547047E-01,3.120019E+03,3.728240E+03,3.455978E-02,6.374616E+02,2.535415E-01,3.100086E+03,3.716169E+03,5.028677E-02,2.231152E+03,3.455978E-02,0.000000E+00,0.000000E+00,3.455978E-02,1.343962E+03,3.455978E-02,0.000000E+00,0.000000E+00,3.455978E-02,1.361326E+03,3.455978E-02,0.000000E+00,0.000000E+00,5.825866E-02,8.792965E+02,4.141282E-01,5.273041E+03,5.164751E+03,1.001084E-01,4.446436E+03,5.825866E-02,0.000000E+00,0.000000E+00,5.825866E-02,7.877373E+02,4.182827E-01,5.410957E+03,5.713429E+03,5.825866E-02,1.542925E+03,2.939338E-01,3.267357E+03,4.453215E+03,5.825866E-02,1.062883E+03,3.749267E-01,4.651694E+03,5.636230E+03,5.825866E-02,1.074592E+03,3.729936E-01,4.618402E+03,5.615980E+03,8.526059E-02,3.775369E+03,5.825866E-02,0.000000E+00,0.000000E+00,5.825866E-02,2.265564E+03,5.825866E-02,0.000000E+00,0.000000E+00,5.825866E-02,2.294835E+03,5.825866E-02,0.000000E+00,0.000000E+00,3.455978E-02,5.216100E+02,3.183786E-01,3.939865E+03,3.869250E+03,5.896347E-02,2.625429E+03,3.455978E-02,0.000000E+00,0.000000E+00,3.455978E-02,4.672959E+02,3.450105E-01,4.291494E+03,4.459143E+03,3.455978E-02,9.152832E+02,2.625821E-01,2.923119E+03,3.613950E+03,3.455978E-02,6.305160E+02,3.146865E-01,3.789653E+03,4.358671E+03,3.455978E-02,6.374616E+02,3.134538E-01,3.768944E+03,4.345688E+03,5.061906E-02,2.240799E+03,3.455978E-02,0.000000E+00,0.000000E+00,3.455978E-02,1.343962E+03,3.455978E-02,0.000000E+00,0.000000E+00,3.455978E-02,1.361326E+03,3.455978E-02,0.000000E+00,0.000000E+00
19:00:00,7.685182E-02,1.310512E+03,3.906490E-01,5.067462E+03,4.899023E+03,7.685182E-02,4.262832E+03,7.685182E-02,0.000000E+00,0.000000E+00,7.685182E-02,1.234908E+03,3.956661E-01,5.199082E+03,5.547677E+03,7.685182E-02,2.231114E+03,3.538229E-01,3.735698E+03,5.232394E+03,7.685182E-02,1.597867E+03,3.815041E-01,4.678004E+03,5.894223E+03,7.685182E-02,1.613312E+03,3.808658E-01,4.655433E+03,5.888590E+03,7.685182E-02,3.946208E+03,7.685182E-02,0.000000E+00,0.000000E+00,7.685182E-02,2.988616E+03,7.685182E-02,0.000000E+00,0.000000E+00,7.685182E-02,3.027228E+03,7.685182E-02,0.000000E+00,0.000000E+00,5.825866E-02,9.934528E+02,4.307471E-01,5.344449E+03,5.263891E+03,1.004823E-01,4.457291E+03,5.825866E-02,0.000000E+00,0.000000E+00,5.825866E-02,9.361405E+02,4.309315E-01,5.403795E+03,5.732051E+03,5.825866E-02,1.691329E+03,3.041076E-01,3.232559E+03,4.448201E+03,5.825866E-02,1.211287E+03,3.861200E-01,4.628282E+03,5.639994E+03,5.825866E-02,1.222995E+03,3.841306E-01,4.594362E+03,5.619141E+03,8.564450E-02,3.786514E+03,5.825866E-02,0.000000E+00,0.000000E+00,5.825866E-02,2.265564E+03,5.825866E-02,0.000000E+00,0.000000E+00,5.825866E-02,2.294835E+03,5.825866E-02,0.000000E+00,0.000000E+00,3.455978E-02,5.893290E+02,2.676726E-01,3.306043E+03,3.258506E+03,6.007921E-02,2.657820E+03,3.455978E-02,0.000000E+00,0.000000E+00,3.455978E-02,5.553306E+02,2.737433E-01,3.407806E+03,3.607377E+03,3.455978E-02,1.003318E+03,1.996112E-01,2.132094E+03,2.866452E+03,3.455978E-02,7.185508E+02,2.476630E-01,2.953368E+03,3.562528E+03,3.455978E-02,7.254963E+02,2.465085E-01,2.933533E+03,3.550560E+03,5.086796E-02,2.248025E+03,3.455978E-02,0.000000E+00,0.000000E+00,3.455978E-02,1.343962E+03,3.455978E-02,0.000000E+00,0.000000E+00,3.455978E-02,1.361326E+03,3.455978E-02,0.000000E+00,0.000000E+00,5.825866E-02,9.934528E+02,4.124776E-01,5.140461E+03,5.036206E+03,1.011573E-01,4.476886E+03,5.825866E-02,0.000000E+00,0.000000E+00,5.825866E-02,9.361405E+02,4.224892E-01,5.309528E+03,5.608232E+03,5.825866E-02,1.691329E+03,2.980471E-01,3.164883E+03,4.348511E+03,5.825866E-02,1.211287E+03,3.790250E-01,4.549056E+03,5.530286E+03,5.825866E-02,1.222995E+03,3.770901E-01,4.515744E+03,5.510034E+03,8.617324E-02,3.801864E+03,5.825866E-02,0.000000E+00,0.000000E+00,5.825866E-02,2.265564E+03,5.825866E-02,0.000000E+00,0.000000E+00,5.825866E-02,2.294835E+03,5.825866E-02,0.000000E+00,0.000000E+00,3.455978E-02,5.893290E+02,3.310247E-01,4.013347E+03,3.966370E+03,5.963150E-02,2.644822E+03,3.455978E-02,0.000000E+00,0.000000E+00,3.455978E-02,5.553306E+02,3.712848E-01,4.496820E+03,4.687606E+03,3.455978E-02,1.003318E+03,2.881118E-01,3.120121E+03,3.835694E+03,3.455978E-02,7.185508E+02,3.407648E-01,3.992786E+03,4.586987E+03,3.455978E-02,7.254963E+02,3.395160E-01,3.971896E+03,4.573887E+03,5.120025E-02,2.257671E+03,3.455978E-02,0.000000E+00,0.000000E+00,3.455978E-02,1.343962E+03,3.455978E-02,0.000000E+00,0.000000E+00,3.455978E-02,1.361326E+03,3.455978E-02,0.000000E+00,0.000000E+00
20:00:00,7.685182E-02,1.420944E+03,3.904618E-01,4.954962E+03,4.788038E+03,7.685182E-02,4.262832E+03,7.685182E-02,0.000000E+00,0.000000E+00,7.685182E-02,1.378470E+03,3.962779E-01,5.062369E+03,5.411918E+03,7.685182E-02,2.374675E+03,3.545505E-01,3.600276E+03,5.097905E+03,7.685182E-02,1.741428E+03,3.821679E-01,4.541871E+03,5.758703E+03,7.685182E-02,1.756874E+03,3.815313E-01,4.519319E+03,5.753081E+03,7.685182E-02,3.946208E+03,7.685182E-02,0.000000E+00,0.000000E+00,7.685182E-02,2.988616E+03,7.685182E-02,0.000000E+00,0.000000E+00,7.685182E-02,3.027228E+03,7.685182E-02,0.000000E+00,0.000000E+00,5.825866E-02,1.077167E+03,4.140288E-01,5.074103E+03,4.938158E+03,1.014855E-01,4.486412E+03,5.825866E-02,0.000000E+00,0.000000E+00,5.825866E-02,1.044970E+03,4.161547E-01,5.130005E+03,5.442573E+03,5.825866E-02,1.800158E+03,2.900899E-01,2.967241E+03,4.238240E+03,5.825866E-02,1.320116E+03,3.714886E-01,4.356112E+03,5.414960E+03,5.825866E-02,1.331824E+03,3.695129E-01,4.322345E+03,5.395380E+03,8.651727E-02,3.811851E+03,5.825866E-02,0.000000E+00,0.000000E+00,5.825866E-02,2.265564E+03,5.825866E-02,0.000000E+00,0.000000E+00,5.825866E-02,2.294835E+03,5.825866E-02,0.000000E+00,0.000000E+00,3.455978E-02,6.389896E+02,2.583820E-01,3.152668E+03,3.067720E+03,6.074747E-02,2.677220E+03,3.455978E-02,0.000000E+00,0.000000E+00,3.455978E-02,6.198894E+02,2.648707E-01,3.244195E+03,3.432345E+03,3.455978E-02,1.067877E+03,1.904937E-01,1.965746E+03,2.739927E+03,3.455978E-02,7.831095E+02,2.386229E-01,2.787883E+03,3.429128E+03,3.455978E-02,7.900551E+02,2.374634E-01,2.767991E+03,3.417907E+03,5.144933E-02,2.264902E+03,3.455978E-02,0.000000E+00,0.000000E+00,3.455978E-02,1.343962E+03,3.455978E-02,0.000000E+00,0.000000E+00,3.455978E-02,1.361326E+03,3.455978E-02,0.000000E+00,0.000000E+00,5.825866E-02,1.077167E+03,4.034944E-01,4.956479E+03,4.803951E+03,1.022066E-01,4.507347E+03,5.825866E-02,0.000000E+00,0.000000E+00,5.825866E-02,1.044970E+03,4.163650E-01,5.132345E+03,5.425384E+03,5.825866E-02,1.800158E+03,2.912165E-01,2.979808E+03,4.235007E+03,5.825866E-02,1.320116E+03,3.724539E-01,4.366879E+03,5.406831E+03,5.825866E-02,1.331824E+03,3.705050E-01,4.333409E+03,5.387555E+03,8.708612E-02,3.828365E+03,5.825866E-02,0.000000E+00,0.000000E+00,5.825866E-02,2.265564E+03,5.825866E-02,0.000000E+00,0.000000E+00,5.825866E-02,2.294835E+03,5.825866E-02,0.000000E+00,0.000000E+00,3.455978E-02,6.389896E+02,3.325419E-01,3.980653E+03,3.918959E+03,6.029977E-02,2.664223E+03,3.455978E-02,0.000000E+00,0.000000E+00,3.455978E-02,6.198894E+02,3.793862E-01,4.522738E+03,4.745579E+03,3.455978E-02,1.067877E+03,2.955721E-01,3.138873E+03,3.968951E+03,3.455978E-02,7.831095E+02,3.485843E-01,4.015549E+03,4.702854E+03,3.455978E-02,7.900551E+02,3.473213E-01,3.994500E+03,4.690833E+03,5.178161E-02,2.274549E+03,3.455978E-02,0.000000E+00,0.000000E+00,3.455978E-02,1.343962E+03,3.455978E-02,0.000000E+00,0.000000E+00,3.455978E-02,1.361326E+03,3.455978E-02,0.000000E+00,0.000000E+00
21:00:00,7.685182E-02,1.511297E+03,3.886895E-01,4.844857E+03,4.678480E+03,7.685182E-02,4.262832E+03,7.685182E-02,0.000000E+00,0.000000E+00,7.685182E-02,1.495930E+03,3.949466E-01,4.930081E+03,5.280712E+03,7.685182E-02,2.492135E+03,3.534740E-01,3.470826E+03,4.807940E+03,7.685182E-02,1.858888E+03,3.810081E-01,4.411497E+03,5.629400E+03,7.685182E-02,1.874333E+03,3.803734E-01,4.388966E+03,5.623795E+03,7.685182E-02,3.946208E+03,7.685182E-02,0.000000E+00,0.000000E+00,7.685182E-02,2.988616E+03,7.685182E-02,0.000000E+00,0.000000E+00,7.685182E-02,3.027228E+03,7.685182E-02,0.000000E+00,0.000000E+00,5.825866E-02,1.145661E+03,3.951634E-01,4.795015E+03,4.629684E+03,1.024891E-01,4.515552E+03,5.825866E-02,0.000000E+00,0.000000E+00,5.825866E-02,1.134011E+03,3.987308E-01,4.846459E+03,5.146067E+03,5.825866E-02,1.889200E+03,2.733463E-01,2.691280E+03,3.850629E+03,5.825866E-02,1.409158E+03,3.542242E-01,4.074340E+03,5.148135E+03,5.825866E-02,1.420866E+03,3.522645E-01,4.040750E+03,5.129256E+03,8.739045E-02,3.837201E+03,5.825866E-02,0.000000E+00,0.000000E+00,5.825866E-02,2.265564E+03,5.825866E-02,0.000000E+00,0.000000E+00,5.825866E-02,2.294835E+03,5.825866E-02,0.000000E+00,0.000000E+00,3.455978E-02,6.796210E+02,2.473107E-01,2.988446E+03,2.884962E+03,6.141609E-02,2.696632E+03,3.455978E-02,0.000000E+00,0.000000E+00,3.455978E-02,6.727102E+02,2.542325E-01,3.072617E+03,3.252817E+03,3.455978E-02,1.120697E+03,1.796151E-01,1.791475E+03,2.500420E+03,3.455978E-02,8.359304E+02,2.277515E-01,2.613696E+03,3.265453E+03,3.455978E-02,8.428759E+02,2.265881E-01,2.593760E+03,3.254551E+03,5.203096E-02,2.281788E+03,3.455978E-02,0.000000E+00,0.000000E+00,3.455978E-02,1.343962E+03,3.455978E-02,0.000000E+00,0.000000E+00,3.455978E-02,1.361326E+03,3.455978E-02,0.000000E+00,0.000000E+00,5.825866E-02,1.145661E+03,3.897506E-01,4.734575E+03,4.558259E+03,1.032563E-01,4.537826E+03,5.825866E-02,0.000000E+00,0.000000E+00,5.825866E-02,1.134011E+03,4.042621E-01,4.908212E+03,5.201781E+03,5.825866E-02,1.889200E+03,2.792974E-01,2.757715E+03,3.916906E+03,5.825866E-02,1.409158E+03,3.603340E-01,4.142547E+03,5.215039E+03,5.825866E-02,1.420866E+03,3.583834E-01,4.109059E+03,5.196360E+03,8.799940E-02,3.854880E+03,5.825866E-02,0.000000E+00,0.000000E+00,5.825866E-02,2.265564E+03,5.825866E-02,0.000000E+00,0.000000E+00,5.825866E-02,2.294835E+03,5.825866E-02,0.000000E+00,0.000000E+00,3.455978E-02,6.796210E+02,3.211355E-01,3.812712E+03,3.745454E+03,6.096839E-02,2.683635E+03,3.455978E-02,0.000000E+00,0.000000E+00,3.455978E-02,6.727102E+02,3.694813E-01,4.359374E+03,4.603345E+03,3.455978E-02,1.120697E+03,2.874597E-01,2.995518E+03,3.809705E+03,3.455978E-02,8.359304E+02,3.400359E-01,3.867325E+03,4.608703E+03,3.455978E-02,8.428759E+02,3.387766E-01,3.846318E+03,4.597462E+03,5.236324E-02,2.291435E+03,3.455978E-02,0.000000E+00,0.000000E+00,3.455978E-02,1.343962E+03,3.455978E-02,0.000000E+00,0.000000E+00,3.455978E-02,1.361326E+03,3.455978E-02,0.000000E+00,0.000000E+00
22:00:00,7.685182E-02,1.601651E+03,3.856051E-01,4.720102E+03,4.552058E+03,7.685182E-02,4.262832E+03,7.685182E-02,0.000000E+00,0.000000E+00,7.685182E-02,1.613389E+03,3.922098E-01,4.782104E+03,5.131535E+03,7.685182E-02,2.609594E+03,3.509342E-01,3.325044E+03,4.425721E+03,7.685182E-02,1.976348E+03,3.783866E-01,4.264805E+03,5.481409E+03,7.685182E-02,1.991793E+03,3.777536E-01,4.242292E+03,5.475818E+03,7.685182E-02,3.946208E+03,7.685182E-02,0.000000E+00,0.000000E+00,7.685182E-02,2.988616E+03,7.685182E-02,0.000000E+00,0.000000E+00,7.685182E-02,3.027228E+03,7.685182E-02,0.000000E+00,0.000000E+00,5.825866E-02,1.214155E+03,3.751836E-01,4.503481E+03,4.320420E+03,1.034932E-01,4.544708E+03,5.825866E-02,0.000000E+00,0.000000E+00,5.825866E-02,1.223053E+03,3.798310E-01,4.546432E+03,4.834187E+03,5.825866E-02,1.978241E+03,2.547696E-01,2.394853E+03,3.351377E+03,5.825866E-02,1.498199E+03,3.353637E-01,3.774742E+03,4.843179E+03,5.825866E-02,1.509908E+03,3.334156E-01,3.741281E+03,4.824542E+03,8.826399E-02,3.862564E+03,5.825866E-02,0.000000E+00,0.000000E+00,5.825866E-02,2.265564E+03,5.825866E-02,0.000000E+00,0.000000E+00,5.825866E-02,2.294835E+03,5.825866E-02,0.000000E+00,0.000000E+00,3.455978E-02,7.202524E+02,2.353135E-01,2.813886E+03,2.700167E+03,6.208503E-02,2.716056E+03,3.455978E-02,0.000000E+00,0.000000E+00,3.455978E-02,7.255310E+02,2.424397E-01,2.888147E+03,3.061615E+03,3.455978E-02,1.173518E+03,1.675875E-01,1.604376E+03,2.191226E+03,3.455978E-02,8.887512E+02,2.157494E-01,2.426882E+03,3.076156E+03,3.455978E-02,8.956967E+02,2.145850E-01,2.406935E+03,3.065308E+03,5.261284E-02,2.298683E+03,3.455978E-02,0.000000E+00,0.000000E+00,3.455978E-02,1.343962E+03,3.455978E-02,0.000000E+00,0.000000E+00,3.455978E-02,1.361326E+03,3.455978E-02,0.000000E+00,0.000000E+00,5.825866E-02,1.214155E+03,3.732321E-01,4.481692E+03,4.291415E+03,1.043066E-01,4.568322E+03,5.825866E-02,0.000000E+00,0.000000E+00,5.825866E-02,1.223053E+03,3.888704E-01,4.647358E+03,4.937430E+03,5.825866E-02,1.978241E+03,2.639879E-01,2.497769E+03,3.465227E+03,5.825866E-02,1.498199E+03,3.448361E-01,3.880497E+03,4.959462E+03,5.825866E-02,1.509908E+03,3.428911E-01,3.847071E+03,4.941023E+03,8.891307E-02,3.881408E+03,5.825866E-02,0.000000E+00,0.000000E+00,5.825866E-02,2.265564E+03,5.825866E-02,0.000000E+00,0.000000E+00,5.825866E-02,2.294835E+03,5.825866E-02,0.000000E+00,0.000000E+00,3.455978E-02,7.202524E+02,2.984491E-01,3.518825E+03,3.441869E+03,6.163733E-02,2.703059E+03,3.455978E-02,0.000000E+00,0.000000E+00,3.455978E-02,7.255310E+02,3.459632E-01,4.044019E+03,4.289094E+03,3.455978E-02,1.173518E+03,2.661585E-01,2.704918E+03,3.410939E+03,3.455978E-02,8.887512E+02,3.179954E-01,3.568463E+03,4.321964E+03,3.455978E-02,8.956967E+02,3.167514E-01,3.547627E+03,4.311133E+03,5.294512E-02,2.308329E+03,3.455978E-02,0.000000E+00,0.000000E+00,3.455978E-02,1.343962E+03,3.455978E-02,0.000000E+00,0.000000E+00,3.455978E-02,1.361326E+03,3.455978E-02,0.000000E+00,0.000000E+00
23:00:00,7.685182E-02,1.671926E+03,3.817773E-01,4.607090E+03,4.436200E+03,7.685182E-02,4.262832E+03,7.685182E-02,0.000000E+00,0.000000E+00,7.685182E-02,1.704747E+03,3.885185E-01,4.649543E+03,4.996562E+03,7.685182E-02,2.700952E+03,3.473663E-01,3.193861E+03,4.122908E+03,7.685182E-02,2.067705E+03,3.747471E-01,4.132823E+03,5.346854E+03,7.685182E-02,2.083150E+03,3.741151E-01,4.110322E+03,5.341270E+03,7.685182E-02,3.946208E+03,7.685182E-02,0.000000E+00,0.000000E+00,7.685182E-02,2.988616E+03,7.685182E-02,0.000000E+00,0.000000E+00,7.685182E-02,3.027228E+03,7.685182E-02,0.000000E+00,0.000000E+00,5.825866E-02,1.267428E+03,3.552681E-01,4.227859E+03,4.030328E+03,1.044979E-01,4.573884E+03,5.825866E-02,0.000000E+00,0.000000E+00,5.825866E-02,1.292308E+03,3.605272E-01,4.261658E+03,4.537108E+03,5.825866E-02,2.047496E+03,2.354048E-01,2.109393E+03,2.899587E+03,5.825866E-02,1.567454E+03,3.159868E-01,3.489140E+03,4.544456E+03,5.825866E-02,1.579163E+03,3.140586E-01,3.455902E+03,4.525962E+03,8.913798E-02,3.887941E+03,5.825866E-02,0.000000E+00,0.000000E+00,5.825866E-02,2.265564E+03,5.825866E-02,0.000000E+00,0.000000E+00,5.825866E-02,2.294835E+03,5.825866E-02,0.000000E+00,0.000000E+00,3.455978E-02,7.518546E+02,2.232385E-01,2.647472E+03,2.525841E+03,6.275438E-02,2.735494E+03,3.455978E-02,0.000000E+00,0.000000E+00,3.455978E-02,7.666139E+02,2.304093E-01,2.712749E+03,2.879550E+03,3.455978E-02,1.214601E+03,1.551899E-01,1.424876E+03,1.911444E+03,3.455978E-02,9.298341E+02,2.034765E-01,2.248768E+03,2.891015E+03,3.455978E-02,9.367796E+02,2.023156E-01,2.228861E+03,2.880159E+03,5.319504E-02,2.315588E+03,3.455978E-02,0.000000E+00,0.000000E+00,3.455978E-02,1.343962E+03,3.455978E-02,0.000000E+00,0.000000E+00,3.455978E-02,1.361326E+03,3.455978E-02,0.000000E+00,0.000000E+00,5.825866E-02,1.267428E+03,3.559693E-01,4.235689E+03,4.033922E+03,1.053575E-01,4.598839E+03,5.825866E-02,0.000000E+00,0.000000E+00,5.825866E-02,1.292308E+03,3.721343E-01,4.391256E+03,4.675078E+03,5.825866E-02,2.047496E+03,2.470134E-01,2.239000E+03,3.048583E+03,5.825866E-02,1.567454E+03,3.278993E-01,3.622141E+03,4.696756E+03,5.825866E-02,1.579163E+03,3.259765E-01,3.588963E+03,4.678537E+03,8.982721E-02,3.907951E+03,5.825866E-02,0.000000E+00,0.000000E+00,5.825866E-02,2.265564E+03,5.825866E-02,0.000000E+00,0.000000E+00,5.825866E-02,2.294835E+03,5.825866E-02,0.000000E+00,0.000000E+00,3.455978E-02,7.518546E+02,2.709386E-01,3.180072E+03,3.088263E+03,6.230668E-02,2.722496E+03,3.455978E-02,0.000000E+00,0.000000E+00,3.455978E-02,7.666139E+02,3.136217E-01,3.641852E+03,3.873055E+03,3.455978E-02,1.214601E+03,2.358506E-01,2.325462E+03,2.919145E+03,3.455978E-02,9.298341E+02,2.868385E-01,3.179519E+03,3.918428E+03,3.455978E-02,9.367796E+02,2.856182E-01,3.158947E+03,3.907799E+03,5.352732E-02,2.325234E+03,3.455978E-02,0.000000E+00,0.000000E+00,3.455978E-02,1.343962E+03,3.455978E-02,0.000000E+00,0.000000E+00,3.455978E-02,1.361326E+03,3.455978E-02,0.000000E+00,0.000000E+00
24:00:00,7.685182E-02,1.742201E+03,3.775101E-01,4.489150E+03,4.314071E+03,7.685182E-02,4.262832E+03,7.685182E-02,0.000000E+00,0.000000E+00,7.685182E-02,1.796104E+03,3.840742E-01,4.508549E+03,4.853089E+03,7.685182E-02,2.792309E+03,3.430210E-01,3.053971E+03,3.822955E+03,7.685182E-02,2.159062E+03,3.703112E-01,3.991924E+03,5.203324E+03,7.685182E-02,2.174507E+03,3.696803E-01,3.969436E+03,5.197749E+03,7.685182E-02,3.946208E+03,7.685182E-02,0.000000E+00,0.000000E+00,7.685182E-02,2.988616E+03,7.685182E-02,0.000000E+00,0.000000E+00,7.685182E-02,3.027228E+03,7.685182E-02,0.000000E+00,0.000000E+00,5.825866E-02,1.320701E+03,3.366075E-01,3.966231E+03,3.755444E+03,1.055033E-01,4.603080E+03,5.825866E-02,0.000000E+00,0.000000E+00,5.825866E-02,1.361563E+03,3.418002E-01,3.983303E+03,4.249211E+03,5.825866E-02,2.116751E+03,2.161681E-01,1.825349E+03,2.455953E+03,5.825866E-02,1.636709E+03,2.973653E-01,3.211954E+03,4.257466E+03,5.825866E-02,1.648417E+03,2.954454E-01,3.178808E+03,4.239036E+03,9.001247E-02,3.913333E+03,5.825866E-02,0.000000E+00,0.000000E+00,5.858730E-02,2.275105E+03,5.825866E-02,0.000000E+00,0.000000E+00,5.825866E-02,2.294835E+03,5.825866E-02,0.000000E+00,0.000000E+00,3.455978E-02,7.834568E+02,2.117044E-01,2.487088E+03,2.358199E+03,6.342421E-02,2.754946E+03,3.455978E-02,0.000000E+00,0.000000E+00,3.455978E-02,8.076967E+02,2.187118E-01,2.541055E+03,2.702878E+03,3.455978E-02,1.255684E+03,1.429396E-01,1.247010E+03,1.637060E+03,3.455978E-02,9.709169E+02,1.917376E-01,2.076606E+03,2.713898E+03,3.455978E-02,9.778625E+02,1.905756E-01,2.056685E+03,2.703014E+03,5.377760E-02,2.332503E+03,3.455978E-02,0.000000E+00,0.000000E+00,3.610786E-02,1.388902E+03,3.455978E-02,0.000000E+00,0.000000E+00,3.455978E-02,1.361326E+03,3.455978E-02,0.000000E+00,0.000000E+00,5.825866E-02,1.320701E+03,3.380784E-01,3.982658E+03,3.768708E+03,1.064091E-01,4.629378E+03,5.825866E-02,0.000000E+00,0.000000E+00,5.825866E-02,1.361563E+03,3.528422E-01,4.106592E+03,4.382743E+03,5.825866E-02,2.116751E+03,2.277874E-01,1.955077E+03,2.607429E+03,5.825866E-02,1.636709E+03,3.086999E-01,3.338502E+03,4.406148E+03,5.825866E-02,1.648417E+03,3.067899E-01,3.305467E+03,4.388071E+03,9.074187E-02,3.934510E+03,5.825866E-02,0.000000E+00,0.000000E+00,5.951334E-02,2.301988E+03,5.825866E-02,0.000000E+00,0.000000E+00,5.825866E-02,2.294835E+03,5.825866E-02,0.000000E+00,0.000000E+00,3.455978E-02,7.834568E+02,2.440242E-01,2.847960E+03,2.739111E+03,6.297651E-02,2.741948E+03,3.455978E-02,0.000000E+00,0.000000E+00,3.455978E-02,8.076967E+02,2.771366E-01,3.193397E+03,3.403423E+03,3.455978E-02,1.255684E+03,2.008795E-01,1.893917E+03,2.365011E+03,3.455978E-02,9.709169E+02,2.505428E-01,2.733174E+03,3.443927E+03,3.455978E-02,9.778625E+02,2.493470E-01,2.712876E+03,3.433392E+03,5.410988E-02,2.342150E+03,3.455978E-02,0.000000E+00,0.000000E+00,3.608453E-02,1.388225E+03,3.455978E-02,0.000000E+00,0.000000E+00,3.455978E-02,1.361326E+03,3.455978E-02,0.000000E+00,0.000000E+00
Coinc Peak   ,7.685182E-02,3.962779E-01,4.262832E+03,5.549903E+03,1.055033E-01,4.440673E-01,4.603080E+03,5.761127E+03,6.342421E-02,3.264992E-01,2.754946E+03,4.196480E+03,1.064091E-01,4.224892E-01,4.629378E+03,5.454996E+03,6.297651E-02,3.793862E-01,2.741948E+03,4.522738E+03
NonCoinc Peak,7.685182E-02,3.962779E-01,4.262832E+03,5.549903E+03,1.055033E-01,4.440673E-01,4.603080E+03,5.761127E+03,6.342421E-02,3.264992E-01,2.754946E+03,4.196480E+03,1.064091E-01,4.224892E-01,4.629378E+03,5.454996E+03,6.297651E-02,3.793862E-01,2.741948E+03,4.522738E+03
